LETO;STATISTICNA_REGIJA;SPOL;STAROST;PLACE
2008;Gorenjska;moški;15-24;956
2008;Gorenjska;ženske;15-24;875
2008;Gorenjska;moški;25-34;1340
2008;Gorenjska;ženske;25-34;1203
2008;Gorenjska;moški;35-44;1623
2008;Gorenjska;ženske;35-44;1370
2008;Gorenjska;moški;45-54;1567
2008;Gorenjska;ženske;45-54;1413
2008;Gorenjska;moški;55-64;1738
2008;Gorenjska;ženske;55-64;1830
2008;Gorenjska;moški;65 ali več;4158
2008;Gorenjska;ženske;65 ali več;2621
2008;Goriška;moški;15-24;898
2008;Goriška;ženske;15-24;868
2008;Goriška;moški;25-34;1273
2008;Goriška;ženske;25-34;1201
2008;Goriška;moški;35-44;1533
2008;Goriška;ženske;35-44;1332
2008;Goriška;moški;45-54;1580
2008;Goriška;ženske;45-54;1397
2008;Goriška;moški;55-64;1798
2008;Goriška;ženske;55-64;1769
2008;Goriška;moški;65 ali več;3804
2008;Jugovzhodna Slovenija;moški;15-24;935
2008;Jugovzhodna Slovenija;ženske;15-24;909
2008;Jugovzhodna Slovenija;moški;25-34;1269
2008;Jugovzhodna Slovenija;ženske;25-34;1177
2008;Jugovzhodna Slovenija;moški;35-44;1426
2008;Jugovzhodna Slovenija;ženske;35-44;1335
2008;Jugovzhodna Slovenija;moški;45-54;1486
2008;Jugovzhodna Slovenija;ženske;45-54;1385
2008;Jugovzhodna Slovenija;moški;55-64;1651
2008;Jugovzhodna Slovenija;ženske;55-64;2018
2008;Jugovzhodna Slovenija;moški;65 ali več;5253
2008;Koroška;moški;15-24;954
2008;Koroška;ženske;15-24;811
2008;Koroška;moški;25-34;1220
2008;Koroška;ženske;25-34;1088
2008;Koroška;moški;35-44;1395
2008;Koroška;ženske;35-44;1232
2008;Koroška;moški;45-54;1466
2008;Koroška;ženske;45-54;1359
2008;Koroška;moški;55-64;1687
2008;Koroška;ženske;55-64;1722
2008;Koroška;moški;65 ali več;3575
2008;Obalno-kraška;moški;15-24;859
2008;Obalno-kraška;ženske;15-24;861
2008;Obalno-kraška;moški;25-34;1278
2008;Obalno-kraška;ženske;25-34;1225
2008;Obalno-kraška;moški;35-44;1583
2008;Obalno-kraška;ženske;35-44;1428
2008;Obalno-kraška;moški;45-54;1630
2008;Obalno-kraška;ženske;45-54;1440
2008;Obalno-kraška;moški;55-64;1792
2008;Obalno-kraška;ženske;55-64;1709
2008;Obalno-kraška;moški;65 ali več;3486
2008;Osrednjeslovenska;moški;15-24;920
2008;Osrednjeslovenska;ženske;15-24;907
2008;Osrednjeslovenska;moški;25-34;1423
2008;Osrednjeslovenska;ženske;25-34;1352
2008;Osrednjeslovenska;moški;35-44;1756
2008;Osrednjeslovenska;ženske;35-44;1600
2008;Osrednjeslovenska;moški;45-54;1729
2008;Osrednjeslovenska;ženske;45-54;1601
2008;Osrednjeslovenska;moški;55-64;1963
2008;Osrednjeslovenska;ženske;55-64;2079
2008;Osrednjeslovenska;moški;65 ali več;4176
2008;Osrednjeslovenska;ženske;65 ali več;3197
2008;Podravska;moški;15-24;900
2008;Podravska;ženske;15-24;808
2008;Podravska;moški;25-34;1229
2008;Podravska;ženske;25-34;1136
2008;Podravska;moški;35-44;1425
2008;Podravska;ženske;35-44;1280
2008;Podravska;moški;45-54;1446
2008;Podravska;ženske;45-54;1367
2008;Podravska;moški;55-64;1675
2008;Podravska;ženske;55-64;1743
2008;Podravska;moški;65 ali več;4086
2008;Podravska;ženske;65 ali več;3053
2008;Pomurska;moški;15-24;899
2008;Pomurska;ženske;15-24;838
2008;Pomurska;moški;25-34;1161
2008;Pomurska;ženske;25-34;1067
2008;Pomurska;moški;35-44;1275
2008;Pomurska;ženske;35-44;1105
2008;Pomurska;moški;45-54;1327
2008;Pomurska;ženske;45-54;1192
2008;Pomurska;moški;55-64;1394
2008;Pomurska;ženske;55-64;1576
2008;Pomurska;moški;65 ali več;3924
2008;Posavska;moški;15-24;943
2008;Posavska;ženske;15-24;869
2008;Posavska;moški;25-34;1230
2008;Posavska;ženske;25-34;1126
2008;Posavska;moški;35-44;1374
2008;Posavska;ženske;35-44;1262
2008;Posavska;moški;45-54;1504
2008;Posavska;ženske;45-54;1297
2008;Posavska;moški;55-64;1614
2008;Posavska;ženske;55-64;1765
2008;Posavska;moški;65 ali več;3924
2008;Primorsko-notranjska;moški;15-24;885
2008;Primorsko-notranjska;ženske;15-24;834
2008;Primorsko-notranjska;moški;25-34;1218
2008;Primorsko-notranjska;ženske;25-34;1156
2008;Primorsko-notranjska;moški;35-44;1399
2008;Primorsko-notranjska;ženske;35-44;1238
2008;Primorsko-notranjska;moški;45-54;1437
2008;Primorsko-notranjska;ženske;45-54;1317
2008;Primorsko-notranjska;moški;55-64;1590
2008;Primorsko-notranjska;ženske;55-64;1656
2008;Primorsko-notranjska;moški;65 ali več;3902
2008;Savinjska;moški;15-24;891
2008;Savinjska;ženske;15-24;838
2008;Savinjska;moški;25-34;1220
2008;Savinjska;ženske;25-34;1121
2008;Savinjska;moški;35-44;1402
2008;Savinjska;ženske;35-44;1240
2008;Savinjska;moški;45-54;1486
2008;Savinjska;ženske;45-54;1324
2008;Savinjska;moški;55-64;1678
2008;Savinjska;ženske;55-64;1695
2008;Savinjska;moški;65 ali več;3668
2008;Zasavska;moški;15-24;900
2008;Zasavska;ženske;15-24;843
2008;Zasavska;moški;25-34;1243
2008;Zasavska;ženske;25-34;1176
2008;Zasavska;moški;35-44;1484
2008;Zasavska;ženske;35-44;1227
2008;Zasavska;moški;45-54;1495
2008;Zasavska;ženske;45-54;1296
2008;Zasavska;moški;55-64;1589
2008;Zasavska;ženske;55-64;1738
2009;Gorenjska;moški;15-24;942
2009;Gorenjska;ženske;15-24;902
2009;Gorenjska;moški;25-34;1330
2009;Gorenjska;ženske;25-34;1241
2009;Gorenjska;moški;35-44;1628
2009;Gorenjska;ženske;35-44;1450
2009;Gorenjska;moški;45-54;1581
2009;Gorenjska;ženske;45-54;1483
2009;Gorenjska;moški;55-64;1749
2009;Gorenjska;ženske;55-64;1910
2009;Gorenjska;moški;65 ali več;3773
2009;Gorenjska;ženske;65 ali več;2481
2009;Goriška;moški;15-24;873
2009;Goriška;ženske;15-24;868
2009;Goriška;moški;25-34;1256
2009;Goriška;ženske;25-34;1235
2009;Goriška;moški;35-44;1547
2009;Goriška;ženske;35-44;1389
2009;Goriška;moški;45-54;1580
2009;Goriška;ženske;45-54;1474
2009;Goriška;moški;55-64;1834
2009;Goriška;ženske;55-64;1941
2009;Goriška;moški;65 ali več;4703
2009;Jugovzhodna Slovenija;moški;15-24;932
2009;Jugovzhodna Slovenija;ženske;15-24;966
2009;Jugovzhodna Slovenija;moški;25-34;1252
2009;Jugovzhodna Slovenija;ženske;25-34;1218
2009;Jugovzhodna Slovenija;moški;35-44;1442
2009;Jugovzhodna Slovenija;ženske;35-44;1390
2009;Jugovzhodna Slovenija;moški;45-54;1496
2009;Jugovzhodna Slovenija;ženske;45-54;1464
2009;Jugovzhodna Slovenija;moški;55-64;1670
2009;Jugovzhodna Slovenija;ženske;55-64;2137
2009;Jugovzhodna Slovenija;moški;65 ali več;4470
2009;Koroška;moški;15-24;930
2009;Koroška;ženske;15-24;865
2009;Koroška;moški;25-34;1208
2009;Koroška;ženske;25-34;1105
2009;Koroška;moški;35-44;1398
2009;Koroška;ženske;35-44;1290
2009;Koroška;moški;45-54;1453
2009;Koroška;ženske;45-54;1433
2009;Koroška;moški;55-64;1707
2009;Koroška;ženske;55-64;1829
2009;Koroška;moški;65 ali več;4018
2009;Obalno-kraška;moški;15-24;876
2009;Obalno-kraška;ženske;15-24;897
2009;Obalno-kraška;moški;25-34;1282
2009;Obalno-kraška;ženske;25-34;1252
2009;Obalno-kraška;moški;35-44;1622
2009;Obalno-kraška;ženske;35-44;1514
2009;Obalno-kraška;moški;45-54;1665
2009;Obalno-kraška;ženske;45-54;1532
2009;Obalno-kraška;moški;55-64;1841
2009;Obalno-kraška;ženske;55-64;1821
2009;Obalno-kraška;moški;65 ali več;3303
2009;Osrednjeslovenska;moški;15-24;935
2009;Osrednjeslovenska;ženske;15-24;940
2009;Osrednjeslovenska;moški;25-34;1430
2009;Osrednjeslovenska;ženske;25-34;1387
2009;Osrednjeslovenska;moški;35-44;1792
2009;Osrednjeslovenska;ženske;35-44;1693
2009;Osrednjeslovenska;moški;45-54;1782
2009;Osrednjeslovenska;ženske;45-54;1707
2009;Osrednjeslovenska;moški;55-64;2029
2009;Osrednjeslovenska;ženske;55-64;2203
2009;Osrednjeslovenska;moški;65 ali več;4421
2009;Osrednjeslovenska;ženske;65 ali več;3616
2009;Podravska;moški;15-24;893
2009;Podravska;ženske;15-24;860
2009;Podravska;moški;25-34;1239
2009;Podravska;ženske;25-34;1187
2009;Podravska;moški;35-44;1445
2009;Podravska;ženske;35-44;1356
2009;Podravska;moški;45-54;1474
2009;Podravska;ženske;45-54;1457
2009;Podravska;moški;55-64;1696
2009;Podravska;ženske;55-64;1844
2009;Podravska;moški;65 ali več;4416
2009;Podravska;ženske;65 ali več;3615
2009;Pomurska;moški;15-24;920
2009;Pomurska;ženske;15-24;854
2009;Pomurska;moški;25-34;1180
2009;Pomurska;ženske;25-34;1146
2009;Pomurska;moški;35-44;1355
2009;Pomurska;ženske;35-44;1322
2009;Pomurska;moški;45-54;1416
2009;Pomurska;ženske;45-54;1447
2009;Pomurska;moški;55-64;1537
2009;Pomurska;ženske;55-64;1832
2009;Pomurska;moški;65 ali več;3721
2009;Posavska;moški;15-24;956
2009;Posavska;ženske;15-24;903
2009;Posavska;moški;25-34;1225
2009;Posavska;ženske;25-34;1188
2009;Posavska;moški;35-44;1395
2009;Posavska;ženske;35-44;1327
2009;Posavska;moški;45-54;1536
2009;Posavska;ženske;45-54;1374
2009;Posavska;moški;55-64;1641
2009;Posavska;ženske;55-64;1877
2009;Posavska;moški;65 ali več;4246
2009;Primorsko-notranjska;moški;15-24;880
2009;Primorsko-notranjska;ženske;15-24;856
2009;Primorsko-notranjska;moški;25-34;1238
2009;Primorsko-notranjska;ženske;25-34;1218
2009;Primorsko-notranjska;moški;35-44;1434
2009;Primorsko-notranjska;ženske;35-44;1342
2009;Primorsko-notranjska;moški;45-54;1451
2009;Primorsko-notranjska;ženske;45-54;1416
2009;Primorsko-notranjska;moški;55-64;1635
2009;Primorsko-notranjska;ženske;55-64;1701
2009;Primorsko-notranjska;moški;65 ali več;4079
2009;Savinjska;moški;15-24;884
2009;Savinjska;ženske;15-24;874
2009;Savinjska;moški;25-34;1224
2009;Savinjska;ženske;25-34;1174
2009;Savinjska;moški;35-44;1416
2009;Savinjska;ženske;35-44;1299
2009;Savinjska;moški;45-54;1504
2009;Savinjska;ženske;45-54;1391
2009;Savinjska;moški;55-64;1651
2009;Savinjska;ženske;55-64;1766
2009;Savinjska;moški;65 ali več;3713
2009;Zasavska;moški;15-24;902
2009;Zasavska;ženske;15-24;870
2009;Zasavska;moški;25-34;1264
2009;Zasavska;ženske;25-34;1224
2009;Zasavska;moški;35-44;1504
2009;Zasavska;ženske;35-44;1300
2009;Zasavska;moški;45-54;1514
2009;Zasavska;ženske;45-54;1399
2009;Zasavska;moški;55-64;1638
2009;Zasavska;ženske;55-64;1797
2010;Gorenjska;moški;15-24;1001
2010;Gorenjska;ženske;15-24;947
2010;Gorenjska;moški;25-34;1385
2010;Gorenjska;ženske;25-34;1293
2010;Gorenjska;moški;35-44;1697
2010;Gorenjska;ženske;35-44;1500
2010;Gorenjska;moški;45-54;1653
2010;Gorenjska;ženske;45-54;1537
2010;Gorenjska;moški;55-64;1830
2010;Gorenjska;ženske;55-64;1968
2010;Gorenjska;moški;65 ali več;4307
2010;Goriška;moški;15-24;946
2010;Goriška;ženske;15-24;915
2010;Goriška;moški;25-34;1309
2010;Goriška;ženske;25-34;1254
2010;Goriška;moški;35-44;1599
2010;Goriška;ženske;35-44;1444
2010;Goriška;moški;45-54;1639
2010;Goriška;ženske;45-54;1538
2010;Goriška;moški;55-64;1914
2010;Goriška;ženske;55-64;1972
2010;Goriška;moški;65 ali več;4225
2010;Jugovzhodna Slovenija;moški;15-24;1005
2010;Jugovzhodna Slovenija;ženske;15-24;1014
2010;Jugovzhodna Slovenija;moški;25-34;1334
2010;Jugovzhodna Slovenija;ženske;25-34;1279
2010;Jugovzhodna Slovenija;moški;35-44;1531
2010;Jugovzhodna Slovenija;ženske;35-44;1472
2010;Jugovzhodna Slovenija;moški;45-54;1607
2010;Jugovzhodna Slovenija;ženske;45-54;1552
2010;Jugovzhodna Slovenija;moški;55-64;1781
2010;Jugovzhodna Slovenija;ženske;55-64;2145
2010;Jugovzhodna Slovenija;moški;65 ali več;3398
2010;Koroška;moški;15-24;1005
2010;Koroška;ženske;15-24;914
2010;Koroška;moški;25-34;1253
2010;Koroška;ženske;25-34;1183
2010;Koroška;moški;35-44;1465
2010;Koroška;ženske;35-44;1407
2010;Koroška;moški;45-54;1535
2010;Koroška;ženske;45-54;1512
2010;Koroška;moški;55-64;1757
2010;Koroška;ženske;55-64;1937
2010;Obalno-kraška;moški;15-24;938
2010;Obalno-kraška;ženske;15-24;943
2010;Obalno-kraška;moški;25-34;1322
2010;Obalno-kraška;ženske;25-34;1296
2010;Obalno-kraška;moški;35-44;1661
2010;Obalno-kraška;ženske;35-44;1535
2010;Obalno-kraška;moški;45-54;1725
2010;Obalno-kraška;ženske;45-54;1580
2010;Obalno-kraška;moški;55-64;1887
2010;Obalno-kraška;ženske;55-64;1904
2010;Obalno-kraška;moški;65 ali več;3389
2010;Osrednjeslovenska;moški;15-24;1000
2010;Osrednjeslovenska;ženske;15-24;978
2010;Osrednjeslovenska;moški;25-34;1481
2010;Osrednjeslovenska;ženske;25-34;1426
2010;Osrednjeslovenska;moški;35-44;1866
2010;Osrednjeslovenska;ženske;35-44;1749
2010;Osrednjeslovenska;moški;45-54;1851
2010;Osrednjeslovenska;ženske;45-54;1761
2010;Osrednjeslovenska;moški;55-64;2137
2010;Osrednjeslovenska;ženske;55-64;2242
2010;Osrednjeslovenska;moški;65 ali več;4394
2010;Osrednjeslovenska;ženske;65 ali več;3207
2010;Podravska;moški;15-24;952
2010;Podravska;ženske;15-24;918
2010;Podravska;moški;25-34;1279
2010;Podravska;ženske;25-34;1234
2010;Podravska;moški;35-44;1509
2010;Podravska;ženske;35-44;1407
2010;Podravska;moški;45-54;1524
2010;Podravska;ženske;45-54;1505
2010;Podravska;moški;55-64;1782
2010;Podravska;ženske;55-64;1891
2010;Podravska;moški;65 ali več;4331
2010;Podravska;ženske;65 ali več;3487
2010;Pomurska;moški;15-24;938
2010;Pomurska;ženske;15-24;902
2010;Pomurska;moški;25-34;1211
2010;Pomurska;ženske;25-34;1180
2010;Pomurska;moški;35-44;1380
2010;Pomurska;ženske;35-44;1291
2010;Pomurska;moški;45-54;1437
2010;Pomurska;ženske;45-54;1425
2010;Pomurska;moški;55-64;1614
2010;Pomurska;ženske;55-64;1922
2010;Pomurska;moški;65 ali več;3302
2010;Posavska;moški;15-24;992
2010;Posavska;ženske;15-24;926
2010;Posavska;moški;25-34;1278
2010;Posavska;ženske;25-34;1270
2010;Posavska;moški;35-44;1456
2010;Posavska;ženske;35-44;1368
2010;Posavska;moški;45-54;1548
2010;Posavska;ženske;45-54;1461
2010;Posavska;moški;55-64;1812
2010;Posavska;ženske;55-64;1890
2010;Primorsko-notranjska;moški;15-24;946
2010;Primorsko-notranjska;ženske;15-24;950
2010;Primorsko-notranjska;moški;25-34;1273
2010;Primorsko-notranjska;ženske;25-34;1244
2010;Primorsko-notranjska;moški;35-44;1471
2010;Primorsko-notranjska;ženske;35-44;1353
2010;Primorsko-notranjska;moški;45-54;1481
2010;Primorsko-notranjska;ženske;45-54;1444
2010;Primorsko-notranjska;moški;55-64;1665
2010;Primorsko-notranjska;ženske;55-64;1718
2010;Primorsko-notranjska;moški;65 ali več;3543
2010;Savinjska;moški;15-24;969
2010;Savinjska;ženske;15-24;944
2010;Savinjska;moški;25-34;1297
2010;Savinjska;ženske;25-34;1217
2010;Savinjska;moški;35-44;1494
2010;Savinjska;ženske;35-44;1363
2010;Savinjska;moški;45-54;1578
2010;Savinjska;ženske;45-54;1443
2010;Savinjska;moški;55-64;1776
2010;Savinjska;ženske;55-64;1860
2010;Savinjska;moški;65 ali več;3901
2010;Zasavska;moški;15-24;986
2010;Zasavska;ženske;15-24;911
2010;Zasavska;moški;25-34;1302
2010;Zasavska;ženske;25-34;1277
2010;Zasavska;moški;35-44;1556
2010;Zasavska;ženske;35-44;1381
2010;Zasavska;moški;45-54;1591
2010;Zasavska;ženske;45-54;1435
2010;Zasavska;moški;55-64;1748
2010;Zasavska;ženske;55-64;1768
2011;Gorenjska;moški;15-24;1058
2011;Gorenjska;ženske;15-24;986
2011;Gorenjska;moški;25-34;1418
2011;Gorenjska;ženske;25-34;1305
2011;Gorenjska;moški;35-44;1728
2011;Gorenjska;ženske;35-44;1541
2011;Gorenjska;moški;45-54;1723
2011;Gorenjska;ženske;45-54;1555
2011;Gorenjska;moški;55-64;1858
2011;Gorenjska;ženske;55-64;1968
2011;Gorenjska;moški;65 ali več;3657
2011;Goriška;moški;15-24;1004
2011;Goriška;ženske;15-24;950
2011;Goriška;moški;25-34;1325
2011;Goriška;ženske;25-34;1273
2011;Goriška;moški;35-44;1633
2011;Goriška;ženske;35-44;1462
2011;Goriška;moški;45-54;1705
2011;Goriška;ženske;45-54;1547
2011;Goriška;moški;55-64;1952
2011;Goriška;ženske;55-64;1959
2011;Goriška;moški;65 ali več;4052
2011;Jugovzhodna Slovenija;moški;15-24;1049
2011;Jugovzhodna Slovenija;ženske;15-24;1069
2011;Jugovzhodna Slovenija;moški;25-34;1382
2011;Jugovzhodna Slovenija;ženske;25-34;1327
2011;Jugovzhodna Slovenija;moški;35-44;1563
2011;Jugovzhodna Slovenija;ženske;35-44;1516
2011;Jugovzhodna Slovenija;moški;45-54;1648
2011;Jugovzhodna Slovenija;ženske;45-54;1599
2011;Jugovzhodna Slovenija;moški;55-64;1798
2011;Jugovzhodna Slovenija;ženske;55-64;2101
2011;Jugovzhodna Slovenija;moški;65 ali več;4144
2011;Koroška;moški;15-24;1078
2011;Koroška;ženske;15-24;951
2011;Koroška;moški;25-34;1306
2011;Koroška;ženske;25-34;1194
2011;Koroška;moški;35-44;1536
2011;Koroška;ženske;35-44;1437
2011;Koroška;moški;45-54;1582
2011;Koroška;ženske;45-54;1523
2011;Koroška;moški;55-64;1786
2011;Koroška;ženske;55-64;1918
2011;Koroška;moški;65 ali več;3768
2011;Obalno-kraška;moški;15-24;1022
2011;Obalno-kraška;ženske;15-24;971
2011;Obalno-kraška;moški;25-34;1370
2011;Obalno-kraška;ženske;25-34;1310
2011;Obalno-kraška;moški;35-44;1719
2011;Obalno-kraška;ženske;35-44;1571
2011;Obalno-kraška;moški;45-54;1779
2011;Obalno-kraška;ženske;45-54;1618
2011;Obalno-kraška;moški;55-64;1923
2011;Obalno-kraška;ženske;55-64;1875
2011;Obalno-kraška;moški;65 ali več;3836
2011;Obalno-kraška;ženske;65 ali več;3535
2011;Osrednjeslovenska;moški;15-24;1044
2011;Osrednjeslovenska;ženske;15-24;1011
2011;Osrednjeslovenska;moški;25-34;1499
2011;Osrednjeslovenska;ženske;25-34;1436
2011;Osrednjeslovenska;moški;35-44;1907
2011;Osrednjeslovenska;ženske;35-44;1783
2011;Osrednjeslovenska;moški;45-54;1900
2011;Osrednjeslovenska;ženske;45-54;1804
2011;Osrednjeslovenska;moški;55-64;2164
2011;Osrednjeslovenska;ženske;55-64;2206
2011;Osrednjeslovenska;moški;65 ali več;4228
2011;Osrednjeslovenska;ženske;65 ali več;3048
2011;Podravska;moški;15-24;995
2011;Podravska;ženske;15-24;956
2011;Podravska;moški;25-34;1312
2011;Podravska;ženske;25-34;1258
2011;Podravska;moški;35-44;1568
2011;Podravska;ženske;35-44;1441
2011;Podravska;moški;45-54;1593
2011;Podravska;ženske;45-54;1511
2011;Podravska;moški;55-64;1830
2011;Podravska;ženske;55-64;1891
2011;Podravska;moški;65 ali več;4162
2011;Podravska;ženske;65 ali več;3811
2011;Pomurska;moški;15-24;996
2011;Pomurska;ženske;15-24;946
2011;Pomurska;moški;25-34;1250
2011;Pomurska;ženske;25-34;1220
2011;Pomurska;moški;35-44;1436
2011;Pomurska;ženske;35-44;1352
2011;Pomurska;moški;45-54;1489
2011;Pomurska;ženske;45-54;1463
2011;Pomurska;moški;55-64;1640
2011;Pomurska;ženske;55-64;1858
2011;Pomurska;moški;65 ali več;3803
2011;Posavska;moški;15-24;1064
2011;Posavska;ženske;15-24;1000
2011;Posavska;moški;25-34;1341
2011;Posavska;ženske;25-34;1310
2011;Posavska;moški;35-44;1526
2011;Posavska;ženske;35-44;1425
2011;Posavska;moški;45-54;1616
2011;Posavska;ženske;45-54;1479
2011;Posavska;moški;55-64;1901
2011;Posavska;ženske;55-64;1879
2011;Posavska;moški;65 ali več;3877
2011;Primorsko-notranjska;moški;15-24;996
2011;Primorsko-notranjska;ženske;15-24;986
2011;Primorsko-notranjska;moški;25-34;1306
2011;Primorsko-notranjska;ženske;25-34;1286
2011;Primorsko-notranjska;moški;35-44;1517
2011;Primorsko-notranjska;ženske;35-44;1394
2011;Primorsko-notranjska;moški;45-54;1549
2011;Primorsko-notranjska;ženske;45-54;1480
2011;Primorsko-notranjska;moški;55-64;1751
2011;Primorsko-notranjska;ženske;55-64;1768
2011;Primorsko-notranjska;moški;65 ali več;3152
2011;Savinjska;moški;15-24;1037
2011;Savinjska;ženske;15-24;994
2011;Savinjska;moški;25-34;1329
2011;Savinjska;ženske;25-34;1248
2011;Savinjska;moški;35-44;1548
2011;Savinjska;ženske;35-44;1401
2011;Savinjska;moški;45-54;1612
2011;Savinjska;ženske;45-54;1463
2011;Savinjska;moški;55-64;1822
2011;Savinjska;ženske;55-64;1826
2011;Savinjska;moški;65 ali več;3863
2011;Zasavska;moški;15-24;1040
2011;Zasavska;ženske;15-24;960
2011;Zasavska;moški;25-34;1319
2011;Zasavska;ženske;25-34;1272
2011;Zasavska;moški;35-44;1627
2011;Zasavska;ženske;35-44;1425
2011;Zasavska;moški;45-54;1629
2011;Zasavska;ženske;45-54;1462
2011;Zasavska;moški;55-64;1825
2011;Zasavska;ženske;55-64;1795
2012;Gorenjska;moški;15-24;1067
2012;Gorenjska;ženske;15-24;993
2012;Gorenjska;moški;25-34;1427
2012;Gorenjska;ženske;25-34;1326
2012;Gorenjska;moški;35-44;1766
2012;Gorenjska;ženske;35-44;1565
2012;Gorenjska;moški;45-54;1748
2012;Gorenjska;ženske;45-54;1558
2012;Gorenjska;moški;55-64;1896
2012;Gorenjska;ženske;55-64;1964
2012;Gorenjska;moški;65 ali več;4267
2012;Goriška;moški;15-24;1029
2012;Goriška;ženske;15-24;955
2012;Goriška;moški;25-34;1335
2012;Goriška;ženske;25-34;1258
2012;Goriška;moški;35-44;1626
2012;Goriška;ženske;35-44;1463
2012;Goriška;moški;45-54;1686
2012;Goriška;ženske;45-54;1544
2012;Goriška;moški;55-64;1964
2012;Goriška;ženske;55-64;1943
2012;Goriška;moški;65 ali več;4096
2012;Jugovzhodna Slovenija;moški;15-24;1071
2012;Jugovzhodna Slovenija;ženske;15-24;1063
2012;Jugovzhodna Slovenija;moški;25-34;1400
2012;Jugovzhodna Slovenija;ženske;25-34;1333
2012;Jugovzhodna Slovenija;moški;35-44;1597
2012;Jugovzhodna Slovenija;ženske;35-44;1554
2012;Jugovzhodna Slovenija;moški;45-54;1703
2012;Jugovzhodna Slovenija;ženske;45-54;1614
2012;Jugovzhodna Slovenija;moški;55-64;1808
2012;Jugovzhodna Slovenija;ženske;55-64;2140
2012;Jugovzhodna Slovenija;moški;65 ali več;3888
2012;Koroška;moški;15-24;1077
2012;Koroška;ženske;15-24;980
2012;Koroška;moški;25-34;1316
2012;Koroška;ženske;25-34;1204
2012;Koroška;moški;35-44;1540
2012;Koroška;ženske;35-44;1424
2012;Koroška;moški;45-54;1614
2012;Koroška;ženske;45-54;1541
2012;Koroška;moški;55-64;1813
2012;Koroška;ženske;55-64;1949
2012;Koroška;moški;65 ali več;3753
2012;Obalno-kraška;moški;15-24;1028
2012;Obalno-kraška;ženske;15-24;987
2012;Obalno-kraška;moški;25-34;1388
2012;Obalno-kraška;ženske;25-34;1307
2012;Obalno-kraška;moški;35-44;1743
2012;Obalno-kraška;ženske;35-44;1576
2012;Obalno-kraška;moški;45-54;1792
2012;Obalno-kraška;ženske;45-54;1611
2012;Obalno-kraška;moški;55-64;1968
2012;Obalno-kraška;ženske;55-64;1868
2012;Obalno-kraška;moški;65 ali več;3602
2012;Obalno-kraška;ženske;65 ali več;3123
2012;Osrednjeslovenska;moški;15-24;1051
2012;Osrednjeslovenska;ženske;15-24;1005
2012;Osrednjeslovenska;moški;25-34;1507
2012;Osrednjeslovenska;ženske;25-34;1436
2012;Osrednjeslovenska;moški;35-44;1948
2012;Osrednjeslovenska;ženske;35-44;1804
2012;Osrednjeslovenska;moški;45-54;1929
2012;Osrednjeslovenska;ženske;45-54;1815
2012;Osrednjeslovenska;moški;55-64;2167
2012;Osrednjeslovenska;ženske;55-64;2187
2012;Osrednjeslovenska;moški;65 ali več;4108
2012;Osrednjeslovenska;ženske;65 ali več;3612
2012;Podravska;moški;15-24;1009
2012;Podravska;ženske;15-24;959
2012;Podravska;moški;25-34;1323
2012;Podravska;ženske;25-34;1272
2012;Podravska;moški;35-44;1600
2012;Podravska;ženske;35-44;1461
2012;Podravska;moški;45-54;1622
2012;Podravska;ženske;45-54;1528
2012;Podravska;moški;55-64;1821
2012;Podravska;ženske;55-64;1879
2012;Podravska;moški;65 ali več;3976
2012;Podravska;ženske;65 ali več;4028
2012;Pomurska;moški;15-24;996
2012;Pomurska;ženske;15-24;938
2012;Pomurska;moški;25-34;1264
2012;Pomurska;ženske;25-34;1226
2012;Pomurska;moški;35-44;1454
2012;Pomurska;ženske;35-44;1352
2012;Pomurska;moški;45-54;1510
2012;Pomurska;ženske;45-54;1426
2012;Pomurska;moški;55-64;1653
2012;Pomurska;ženske;55-64;1779
2012;Posavska;moški;15-24;1101
2012;Posavska;ženske;15-24;1005
2012;Posavska;moški;25-34;1371
2012;Posavska;ženske;25-34;1291
2012;Posavska;moški;35-44;1555
2012;Posavska;ženske;35-44;1438
2012;Posavska;moški;45-54;1620
2012;Posavska;ženske;45-54;1496
2012;Posavska;moški;55-64;1927
2012;Posavska;ženske;55-64;1862
2012;Posavska;moški;65 ali več;3714
2012;Primorsko-notranjska;moški;15-24;1043
2012;Primorsko-notranjska;ženske;15-24;1016
2012;Primorsko-notranjska;moški;25-34;1317
2012;Primorsko-notranjska;ženske;25-34;1281
2012;Primorsko-notranjska;moški;35-44;1557
2012;Primorsko-notranjska;ženske;35-44;1435
2012;Primorsko-notranjska;moški;45-54;1585
2012;Primorsko-notranjska;ženske;45-54;1492
2012;Primorsko-notranjska;moški;55-64;1744
2012;Primorsko-notranjska;ženske;55-64;1787
2012;Primorsko-notranjska;moški;65 ali več;3877
2012;Savinjska;moški;15-24;1081
2012;Savinjska;ženske;15-24;1019
2012;Savinjska;moški;25-34;1339
2012;Savinjska;ženske;25-34;1258
2012;Savinjska;moški;35-44;1585
2012;Savinjska;ženske;35-44;1420
2012;Savinjska;moški;45-54;1651
2012;Savinjska;ženske;45-54;1475
2012;Savinjska;moški;55-64;1819
2012;Savinjska;ženske;55-64;1823
2012;Savinjska;moški;65 ali več;3741
2012;Zasavska;moški;15-24;1020
2012;Zasavska;ženske;15-24;997
2012;Zasavska;moški;25-34;1321
2012;Zasavska;ženske;25-34;1267
2012;Zasavska;moški;35-44;1620
2012;Zasavska;ženske;35-44;1454
2012;Zasavska;moški;45-54;1617
2012;Zasavska;ženske;45-54;1448
2012;Zasavska;moški;55-64;1884
2012;Zasavska;ženske;55-64;1840
2013;Gorenjska;moški;15-24;1088
2013;Gorenjska;ženske;15-24;979
2013;Gorenjska;moški;25-34;1414
2013;Gorenjska;ženske;25-34;1306
2013;Gorenjska;moški;35-44;1759
2013;Gorenjska;ženske;35-44;1553
2013;Gorenjska;moški;45-54;1754
2013;Gorenjska;ženske;45-54;1546
2013;Gorenjska;moški;55-64;1868
2013;Gorenjska;ženske;55-64;1848
2013;Gorenjska;moški;65 ali več;3842
2013;Goriška;moški;15-24;1026
2013;Goriška;ženske;15-24;927
2013;Goriška;moški;25-34;1340
2013;Goriška;ženske;25-34;1243
2013;Goriška;moški;35-44;1598
2013;Goriška;ženske;35-44;1449
2013;Goriška;moški;45-54;1659
2013;Goriška;ženske;45-54;1508
2013;Goriška;moški;55-64;1878
2013;Goriška;ženske;55-64;1838
2013;Goriška;moški;65 ali več;3692
2013;Jugovzhodna Slovenija;moški;15-24;1090
2013;Jugovzhodna Slovenija;ženske;15-24;1114
2013;Jugovzhodna Slovenija;moški;25-34;1393
2013;Jugovzhodna Slovenija;ženske;25-34;1340
2013;Jugovzhodna Slovenija;moški;35-44;1600
2013;Jugovzhodna Slovenija;ženske;35-44;1547
2013;Jugovzhodna Slovenija;moški;45-54;1686
2013;Jugovzhodna Slovenija;ženske;45-54;1578
2013;Jugovzhodna Slovenija;moški;55-64;1767
2013;Jugovzhodna Slovenija;ženske;55-64;2013
2013;Jugovzhodna Slovenija;moški;65 ali več;4304
2013;Koroška;moški;15-24;1090
2013;Koroška;ženske;15-24;910
2013;Koroška;moški;25-34;1325
2013;Koroška;ženske;25-34;1191
2013;Koroška;moški;35-44;1547
2013;Koroška;ženske;35-44;1435
2013;Koroška;moški;45-54;1615
2013;Koroška;ženske;45-54;1522
2013;Koroška;moški;55-64;1816
2013;Koroška;ženske;55-64;1859
2013;Koroška;moški;65 ali več;3651
2013;Obalno-kraška;moški;15-24;1036
2013;Obalno-kraška;ženske;15-24;982
2013;Obalno-kraška;moški;25-34;1362
2013;Obalno-kraška;ženske;25-34;1280
2013;Obalno-kraška;moški;35-44;1712
2013;Obalno-kraška;ženske;35-44;1584
2013;Obalno-kraška;moški;45-54;1812
2013;Obalno-kraška;ženske;45-54;1618
2013;Obalno-kraška;moški;55-64;1919
2013;Obalno-kraška;ženske;55-64;1798
2013;Obalno-kraška;moški;65 ali več;3564
2013;Obalno-kraška;ženske;65 ali več;3810
2013;Osrednjeslovenska;moški;15-24;1067
2013;Osrednjeslovenska;ženske;15-24;1012
2013;Osrednjeslovenska;moški;25-34;1489
2013;Osrednjeslovenska;ženske;25-34;1423
2013;Osrednjeslovenska;moški;35-44;1933
2013;Osrednjeslovenska;ženske;35-44;1796
2013;Osrednjeslovenska;moški;45-54;1938
2013;Osrednjeslovenska;ženske;45-54;1799
2013;Osrednjeslovenska;moški;55-64;2103
2013;Osrednjeslovenska;ženske;55-64;2097
2013;Osrednjeslovenska;moški;65 ali več;3885
2013;Osrednjeslovenska;ženske;65 ali več;3638
2013;Podravska;moški;15-24;1024
2013;Podravska;ženske;15-24;955
2013;Podravska;moški;25-34;1318
2013;Podravska;ženske;25-34;1256
2013;Podravska;moški;35-44;1601
2013;Podravska;ženske;35-44;1464
2013;Podravska;moški;45-54;1631
2013;Podravska;ženske;45-54;1517
2013;Podravska;moški;55-64;1800
2013;Podravska;ženske;55-64;1761
2013;Podravska;moški;65 ali več;3596
2013;Podravska;ženske;65 ali več;3760
2013;Pomurska;moški;15-24;1005
2013;Pomurska;ženske;15-24;926
2013;Pomurska;moški;25-34;1248
2013;Pomurska;ženske;25-34;1206
2013;Pomurska;moški;35-44;1451
2013;Pomurska;ženske;35-44;1331
2013;Pomurska;moški;45-54;1486
2013;Pomurska;ženske;45-54;1400
2013;Pomurska;moški;55-64;1626
2013;Pomurska;ženske;55-64;1687
2013;Posavska;moški;15-24;1091
2013;Posavska;ženske;15-24;1042
2013;Posavska;moški;25-34;1389
2013;Posavska;ženske;25-34;1303
2013;Posavska;moški;35-44;1534
2013;Posavska;ženske;35-44;1440
2013;Posavska;moški;45-54;1595
2013;Posavska;ženske;45-54;1480
2013;Posavska;moški;55-64;1840
2013;Posavska;ženske;55-64;1797
2013;Posavska;moški;65 ali več;4209
2013;Primorsko-notranjska;moški;15-24;1043
2013;Primorsko-notranjska;ženske;15-24;934
2013;Primorsko-notranjska;moški;25-34;1325
2013;Primorsko-notranjska;ženske;25-34;1265
2013;Primorsko-notranjska;moški;35-44;1554
2013;Primorsko-notranjska;ženske;35-44;1440
2013;Primorsko-notranjska;moški;45-54;1561
2013;Primorsko-notranjska;ženske;45-54;1489
2013;Primorsko-notranjska;moški;55-64;1729
2013;Primorsko-notranjska;ženske;55-64;1704
2013;Primorsko-notranjska;moški;65 ali več;4362
2013;Savinjska;moški;15-24;1094
2013;Savinjska;ženske;15-24;992
2013;Savinjska;moški;25-34;1330
2013;Savinjska;ženske;25-34;1254
2013;Savinjska;moški;35-44;1579
2013;Savinjska;ženske;35-44;1427
2013;Savinjska;moški;45-54;1651
2013;Savinjska;ženske;45-54;1465
2013;Savinjska;moški;55-64;1808
2013;Savinjska;ženske;55-64;1742
2013;Savinjska;moški;65 ali več;3941
2013;Savinjska;ženske;65 ali več;3691
2013;Zasavska;moški;15-24;1050
2013;Zasavska;ženske;15-24;1041
2013;Zasavska;moški;25-34;1330
2013;Zasavska;ženske;25-34;1263
2013;Zasavska;moški;35-44;1601
2013;Zasavska;ženske;35-44;1463
2013;Zasavska;moški;45-54;1596
2013;Zasavska;ženske;45-54;1438
2013;Zasavska;moški;55-64;1867
2013;Zasavska;ženske;55-64;1789
2014;Gorenjska;moški;15-24;1134
2014;Gorenjska;ženske;15-24;1004
2014;Gorenjska;moški;25-34;1438
2014;Gorenjska;ženske;25-34;1318
2014;Gorenjska;moški;35-44;1791
2014;Gorenjska;ženske;35-44;1586
2014;Gorenjska;moški;45-54;1822
2014;Gorenjska;ženske;45-54;1577
2014;Gorenjska;moški;55-64;1860
2014;Gorenjska;ženske;55-64;1840
2014;Gorenjska;moški;65 ali več;3341
2014;Goriška;moški;15-24;1045
2014;Goriška;ženske;15-24;928
2014;Goriška;moški;25-34;1354
2014;Goriška;ženske;25-34;1249
2014;Goriška;moški;35-44;1650
2014;Goriška;ženske;35-44;1492
2014;Goriška;moški;45-54;1697
2014;Goriška;ženske;45-54;1534
2014;Goriška;moški;55-64;1917
2014;Goriška;ženske;55-64;1809
2014;Goriška;moški;65 ali več;3321
2014;Jugovzhodna Slovenija;moški;15-24;1130
2014;Jugovzhodna Slovenija;ženske;15-24;1186
2014;Jugovzhodna Slovenija;moški;25-34;1447
2014;Jugovzhodna Slovenija;ženske;25-34;1378
2014;Jugovzhodna Slovenija;moški;35-44;1671
2014;Jugovzhodna Slovenija;ženske;35-44;1592
2014;Jugovzhodna Slovenija;moški;45-54;1728
2014;Jugovzhodna Slovenija;ženske;45-54;1635
2014;Jugovzhodna Slovenija;moški;55-64;1824
2014;Jugovzhodna Slovenija;ženske;55-64;1996
2014;Jugovzhodna Slovenija;moški;65 ali več;3736
2014;Koroška;moški;15-24;1138
2014;Koroška;ženske;15-24;878
2014;Koroška;moški;25-34;1359
2014;Koroška;ženske;25-34;1202
2014;Koroška;moški;35-44;1584
2014;Koroška;ženske;35-44;1443
2014;Koroška;moški;45-54;1666
2014;Koroška;ženske;45-54;1551
2014;Koroška;moški;55-64;1814
2014;Koroška;ženske;55-64;1818
2014;Koroška;moški;65 ali več;4235
2014;Obalno-kraška;moški;15-24;1084
2014;Obalno-kraška;ženske;15-24;992
2014;Obalno-kraška;moški;25-34;1382
2014;Obalno-kraška;ženske;25-34;1291
2014;Obalno-kraška;moški;35-44;1773
2014;Obalno-kraška;ženske;35-44;1603
2014;Obalno-kraška;moški;45-54;1854
2014;Obalno-kraška;ženske;45-54;1649
2014;Obalno-kraška;moški;55-64;1953
2014;Obalno-kraška;ženske;55-64;1827
2014;Obalno-kraška;moški;65 ali več;3448
2014;Obalno-kraška;ženske;65 ali več;4068
2014;Osrednjeslovenska;moški;15-24;1112
2014;Osrednjeslovenska;ženske;15-24;1006
2014;Osrednjeslovenska;moški;25-34;1506
2014;Osrednjeslovenska;ženske;25-34;1434
2014;Osrednjeslovenska;moški;35-44;1946
2014;Osrednjeslovenska;ženske;35-44;1828
2014;Osrednjeslovenska;moški;45-54;1964
2014;Osrednjeslovenska;ženske;45-54;1843
2014;Osrednjeslovenska;moški;55-64;2081
2014;Osrednjeslovenska;ženske;55-64;2089
2014;Osrednjeslovenska;moški;65 ali več;3665
2014;Osrednjeslovenska;ženske;65 ali več;3426
2014;Podravska;moški;15-24;1055
2014;Podravska;ženske;15-24;950
2014;Podravska;moški;25-34;1346
2014;Podravska;ženske;25-34;1263
2014;Podravska;moški;35-44;1624
2014;Podravska;ženske;35-44;1483
2014;Podravska;moški;45-54;1681
2014;Podravska;ženske;45-54;1545
2014;Podravska;moški;55-64;1787
2014;Podravska;ženske;55-64;1754
2014;Podravska;moški;65 ali več;3666
2014;Podravska;ženske;65 ali več;3379
2014;Pomurska;moški;15-24;1010
2014;Pomurska;ženske;15-24;948
2014;Pomurska;moški;25-34;1278
2014;Pomurska;ženske;25-34;1207
2014;Pomurska;moški;35-44;1514
2014;Pomurska;ženske;35-44;1390
2014;Pomurska;moški;45-54;1555
2014;Pomurska;ženske;45-54;1498
2014;Pomurska;moški;55-64;1674
2014;Pomurska;ženske;55-64;1735
2014;Pomurska;moški;65 ali več;3820
2014;Posavska;moški;15-24;1104
2014;Posavska;ženske;15-24;1143
2014;Posavska;moški;25-34;1432
2014;Posavska;ženske;25-34;1318
2014;Posavska;moški;35-44;1591
2014;Posavska;ženske;35-44;1482
2014;Posavska;moški;45-54;1640
2014;Posavska;ženske;45-54;1507
2014;Posavska;moški;55-64;1857
2014;Posavska;ženske;55-64;1803
2014;Posavska;moški;65 ali več;3793
2014;Primorsko-notranjska;moški;15-24;1042
2014;Primorsko-notranjska;ženske;15-24;979
2014;Primorsko-notranjska;moški;25-34;1355
2014;Primorsko-notranjska;ženske;25-34;1269
2014;Primorsko-notranjska;moški;35-44;1588
2014;Primorsko-notranjska;ženske;35-44;1476
2014;Primorsko-notranjska;moški;45-54;1619
2014;Primorsko-notranjska;ženske;45-54;1499
2014;Primorsko-notranjska;moški;55-64;1784
2014;Primorsko-notranjska;ženske;55-64;1702
2014;Primorsko-notranjska;moški;65 ali več;3388
2014;Savinjska;moški;15-24;1122
2014;Savinjska;ženske;15-24;995
2014;Savinjska;moški;25-34;1362
2014;Savinjska;ženske;25-34;1270
2014;Savinjska;moški;35-44;1629
2014;Savinjska;ženske;35-44;1464
2014;Savinjska;moški;45-54;1690
2014;Savinjska;ženske;45-54;1498
2014;Savinjska;moški;55-64;1823
2014;Savinjska;ženske;55-64;1713
2014;Savinjska;moški;65 ali več;3513
2014;Savinjska;ženske;65 ali več;3329
2014;Zasavska;moški;15-24;1041
2014;Zasavska;ženske;15-24;982
2014;Zasavska;moški;25-34;1370
2014;Zasavska;ženske;25-34;1281
2014;Zasavska;moški;35-44;1631
2014;Zasavska;ženske;35-44;1490
2014;Zasavska;moški;45-54;1615
2014;Zasavska;ženske;45-54;1463
2014;Zasavska;moški;55-64;1816
2014;Zasavska;ženske;55-64;1742
2015;Gorenjska;moški;15-24;1150
2015;Gorenjska;ženske;15-24;1003
2015;Gorenjska;moški;25-34;1446
2015;Gorenjska;ženske;25-34;1313
2015;Gorenjska;moški;35-44;1814
2015;Gorenjska;ženske;35-44;1586
2015;Gorenjska;moški;45-54;1853
2015;Gorenjska;ženske;45-54;1597
2015;Gorenjska;moški;55-64;1913
2015;Gorenjska;ženske;55-64;1792
2015;Gorenjska;moški;65 ali več;3360
2015;Gorenjska;ženske;65 ali več;3362
2015;Goriška;moški;25-34;1363
2015;Goriška;ženske;25-34;1241
2015;Goriška;moški;35-44;1646
2015;Goriška;ženske;35-44;1485
2015;Goriška;moški;45-54;1707
2015;Goriška;ženske;45-54;1524
2015;Goriška;moški;55-64;1909
2015;Goriška;ženske;55-64;1785
2015;Jugovzhodna Slovenija;moški;25-34;1472
2015;Jugovzhodna Slovenija;ženske;25-34;1393
2015;Jugovzhodna Slovenija;moški;35-44;1691
2015;Jugovzhodna Slovenija;ženske;35-44;1592
2015;Jugovzhodna Slovenija;moški;45-54;1732
2015;Jugovzhodna Slovenija;ženske;45-54;1647
2015;Jugovzhodna Slovenija;moški;55-64;1865
2015;Jugovzhodna Slovenija;ženske;55-64;1934
2015;Koroška;moški;25-34;1397
2015;Koroška;ženske;25-34;1232
2015;Koroška;moški;35-44;1622
2015;Koroška;ženske;35-44;1455
2015;Koroška;moški;45-54;1702
2015;Koroška;ženske;45-54;1553
2015;Koroška;moški;55-64;1857
2015;Koroška;ženske;55-64;1823
2015;Obalno-kraška;moški;15-24;1096
2015;Obalno-kraška;ženske;15-24;1009
2015;Obalno-kraška;moški;25-34;1380
2015;Obalno-kraška;ženske;25-34;1285
2015;Obalno-kraška;moški;35-44;1779
2015;Obalno-kraška;ženske;35-44;1615
2015;Obalno-kraška;moški;45-54;1867
2015;Obalno-kraška;ženske;45-54;1652
2015;Obalno-kraška;moški;55-64;1987
2015;Obalno-kraška;ženske;55-64;1824
2015;Obalno-kraška;moški;65 ali več;3333
2015;Obalno-kraška;ženske;65 ali več;3870
2015;Osrednjeslovenska;moški;15-24;1133
2015;Osrednjeslovenska;ženske;15-24;1027
2015;Osrednjeslovenska;moški;25-34;1511
2015;Osrednjeslovenska;ženske;25-34;1433
2015;Osrednjeslovenska;moški;35-44;1983
2015;Osrednjeslovenska;ženske;35-44;1840
2015;Osrednjeslovenska;moški;45-54;2004
2015;Osrednjeslovenska;ženske;45-54;1870
2015;Osrednjeslovenska;moški;55-64;2086
2015;Osrednjeslovenska;ženske;55-64;2070
2015;Osrednjeslovenska;moški;65 ali več;3636
2015;Osrednjeslovenska;ženske;65 ali več;3443
2015;Podravska;moški;15-24;1072
2015;Podravska;ženske;15-24;965
2015;Podravska;moški;25-34;1348
2015;Podravska;ženske;25-34;1246
2015;Podravska;moški;35-44;1634
2015;Podravska;ženske;35-44;1484
2015;Podravska;moški;45-54;1695
2015;Podravska;ženske;45-54;1539
2015;Podravska;moški;55-64;1799
2015;Podravska;ženske;55-64;1762
2015;Podravska;moški;65 ali več;3733
2015;Podravska;ženske;65 ali več;3381
2015;Pomurska;moški;25-34;1293
2015;Pomurska;ženske;25-34;1215
2015;Pomurska;moški;35-44;1520
2015;Pomurska;ženske;35-44;1400
2015;Pomurska;moški;45-54;1561
2015;Pomurska;ženske;45-54;1478
2015;Pomurska;moški;55-64;1655
2015;Pomurska;ženske;55-64;1702
2015;Posavska;moški;25-34;1446
2015;Posavska;ženske;25-34;1301
2015;Posavska;moški;35-44;1612
2015;Posavska;ženske;35-44;1486
2015;Posavska;moški;45-54;1656
2015;Posavska;ženske;45-54;1508
2015;Posavska;moški;55-64;1825
2015;Posavska;ženske;55-64;1743
2015;Primorsko-notranjska;moški;25-34;1379
2015;Primorsko-notranjska;ženske;25-34;1262
2015;Primorsko-notranjska;moški;35-44;1642
2015;Primorsko-notranjska;ženske;35-44;1489
2015;Primorsko-notranjska;moški;45-54;1635
2015;Primorsko-notranjska;ženske;45-54;1516
2015;Primorsko-notranjska;moški;55-64;1799
2015;Primorsko-notranjska;ženske;55-64;1671
2015;Savinjska;moški;15-24;1130
2015;Savinjska;ženske;15-24;952
2015;Savinjska;moški;25-34;1372
2015;Savinjska;ženske;25-34;1276
2015;Savinjska;moški;35-44;1644
2015;Savinjska;ženske;35-44;1479
2015;Savinjska;moški;45-54;1696
2015;Savinjska;ženske;45-54;1499
2015;Savinjska;moški;55-64;1848
2015;Savinjska;ženske;55-64;1718
2015;Savinjska;moški;65 ali več;3361
2015;Savinjska;ženske;65 ali več;2997
2015;Zasavska;moški;25-34;1367
2015;Zasavska;ženske;25-34;1289
2015;Zasavska;moški;35-44;1633
2015;Zasavska;ženske;35-44;1506
2015;Zasavska;moški;45-54;1629
2015;Zasavska;ženske;45-54;1492
2015;Zasavska;moški;55-64;1731
2015;Zasavska;ženske;55-64;1697
2016;Gorenjska;moški;15-24;1182
2016;Gorenjska;ženske;15-24;1026
2016;Gorenjska;moški;25-34;1468
2016;Gorenjska;ženske;25-34;1323
2016;Gorenjska;moški;35-44;1855
2016;Gorenjska;ženske;35-44;1630
2016;Gorenjska;moški;45-54;1920
2016;Gorenjska;ženske;45-54;1652
2016;Gorenjska;moški;55-64;1944
2016;Gorenjska;ženske;55-64;1832
2016;Gorenjska;moški;65 ali več;3683
2016;Gorenjska;ženske;65 ali več;3287
2016;Goriška;moški;25-34;1393
2016;Goriška;ženske;25-34;1278
2016;Goriška;moški;35-44;1687
2016;Goriška;ženske;35-44;1540
2016;Goriška;moški;45-54;1781
2016;Goriška;ženske;45-54;1572
2016;Goriška;moški;55-64;1917
2016;Goriška;ženske;55-64;1829
2016;Jugovzhodna Slovenija;moški;25-34;1484
2016;Jugovzhodna Slovenija;ženske;25-34;1405
2016;Jugovzhodna Slovenija;moški;35-44;1739
2016;Jugovzhodna Slovenija;ženske;35-44;1631
2016;Jugovzhodna Slovenija;moški;45-54;1761
2016;Jugovzhodna Slovenija;ženske;45-54;1668
2016;Jugovzhodna Slovenija;moški;55-64;1890
2016;Jugovzhodna Slovenija;ženske;55-64;1936
2016;Koroška;moški;25-34;1432
2016;Koroška;ženske;25-34;1256
2016;Koroška;moški;35-44;1659
2016;Koroška;ženske;35-44;1480
2016;Koroška;moški;45-54;1754
2016;Koroška;ženske;45-54;1574
2016;Koroška;moški;55-64;1897
2016;Koroška;ženske;55-64;1811
2016;Obalno-kraška;moški;15-24;1082
2016;Obalno-kraška;ženske;15-24;991
2016;Obalno-kraška;moški;25-34;1415
2016;Obalno-kraška;ženske;25-34;1295
2016;Obalno-kraška;moški;35-44;1814
2016;Obalno-kraška;ženske;35-44;1620
2016;Obalno-kraška;moški;45-54;1934
2016;Obalno-kraška;ženske;45-54;1712
2016;Obalno-kraška;moški;55-64;2002
2016;Obalno-kraška;ženske;55-64;1841
2016;Obalno-kraška;moški;65 ali več;3141
2016;Obalno-kraška;ženske;65 ali več;2904
2016;Osrednjeslovenska;moški;15-24;1149
2016;Osrednjeslovenska;ženske;15-24;1051
2016;Osrednjeslovenska;moški;25-34;1526
2016;Osrednjeslovenska;ženske;25-34;1433
2016;Osrednjeslovenska;moški;35-44;1994
2016;Osrednjeslovenska;ženske;35-44;1859
2016;Osrednjeslovenska;moški;45-54;2053
2016;Osrednjeslovenska;ženske;45-54;1923
2016;Osrednjeslovenska;moški;55-64;2100
2016;Osrednjeslovenska;ženske;55-64;2085
2016;Osrednjeslovenska;moški;65 ali več;3637
2016;Osrednjeslovenska;ženske;65 ali več;3437
2016;Podravska;moški;15-24;1113
2016;Podravska;ženske;15-24;966
2016;Podravska;moški;25-34;1371
2016;Podravska;ženske;25-34;1276
2016;Podravska;moški;35-44;1666
2016;Podravska;ženske;35-44;1517
2016;Podravska;moški;45-54;1739
2016;Podravska;ženske;45-54;1564
2016;Podravska;moški;55-64;1794
2016;Podravska;ženske;55-64;1747
2016;Podravska;moški;65 ali več;3670
2016;Podravska;ženske;65 ali več;3312
2016;Pomurska;moški;25-34;1326
2016;Pomurska;ženske;25-34;1225
2016;Pomurska;moški;35-44;1570
2016;Pomurska;ženske;35-44;1400
2016;Pomurska;moški;45-54;1609
2016;Pomurska;ženske;45-54;1436
2016;Pomurska;moški;55-64;1709
2016;Pomurska;ženske;55-64;1714
2016;Posavska;moški;25-34;1497
2016;Posavska;ženske;25-34;1321
2016;Posavska;moški;35-44;1650
2016;Posavska;ženske;35-44;1519
2016;Posavska;moški;45-54;1705
2016;Posavska;ženske;45-54;1546
2016;Posavska;moški;55-64;1875
2016;Posavska;ženske;55-64;1753
2016;Primorsko-notranjska;moški;25-34;1395
2016;Primorsko-notranjska;ženske;25-34;1288
2016;Primorsko-notranjska;moški;35-44;1664
2016;Primorsko-notranjska;ženske;35-44;1530
2016;Primorsko-notranjska;moški;45-54;1699
2016;Primorsko-notranjska;ženske;45-54;1543
2016;Primorsko-notranjska;moški;55-64;1781
2016;Primorsko-notranjska;ženske;55-64;1739
2016;Savinjska;moški;15-24;1122
2016;Savinjska;ženske;15-24;993
2016;Savinjska;moški;25-34;1388
2016;Savinjska;ženske;25-34;1293
2016;Savinjska;moški;35-44;1663
2016;Savinjska;ženske;35-44;1517
2016;Savinjska;moški;45-54;1724
2016;Savinjska;ženske;45-54;1530
2016;Savinjska;moški;55-64;1858
2016;Savinjska;ženske;55-64;1725
2016;Savinjska;moški;65 ali več;3177
2016;Savinjska;ženske;65 ali več;3237
2016;Zasavska;moški;25-34;1403
2016;Zasavska;ženske;25-34;1289
2016;Zasavska;moški;35-44;1642
2016;Zasavska;ženske;35-44;1550
2016;Zasavska;moški;45-54;1680
2016;Zasavska;ženske;45-54;1535
2016;Zasavska;moški;55-64;1771
2016;Zasavska;ženske;55-64;1709
2017;Gorenjska;moški;15-24;1211
2017;Gorenjska;ženske;15-24;1080
2017;Gorenjska;moški;25-34;1513
2017;Gorenjska;ženske;25-34;1360
2017;Gorenjska;moški;35-44;1872
2017;Gorenjska;ženske;35-44;1657
2017;Gorenjska;moški;45-54;1966
2017;Gorenjska;ženske;45-54;1704
2017;Gorenjska;moški;55-64;1963
2017;Gorenjska;ženske;55-64;1829
2017;Gorenjska;moški;65 ali več;3629
2017;Gorenjska;ženske;65 ali več;3363
2017;Goriška;moški;15-24;1142
2017;Goriška;ženske;15-24;1056
2017;Goriška;moški;25-34;1424
2017;Goriška;ženske;25-34;1309
2017;Goriška;moški;35-44;1714
2017;Goriška;ženske;35-44;1553
2017;Goriška;moški;45-54;1810
2017;Goriška;ženske;45-54;1612
2017;Goriška;moški;55-64;1926
2017;Goriška;ženske;55-64;1803
2017;Goriška;moški;65 ali več;3130
2017;Goriška;ženske;65 ali več;2290
2017;Jugovzhodna Slovenija;moški;15-24;1206
2017;Jugovzhodna Slovenija;ženske;15-24;1110
2017;Jugovzhodna Slovenija;moški;25-34;1508
2017;Jugovzhodna Slovenija;ženske;25-34;1413
2017;Jugovzhodna Slovenija;moški;35-44;1777
2017;Jugovzhodna Slovenija;ženske;35-44;1654
2017;Jugovzhodna Slovenija;moški;45-54;1804
2017;Jugovzhodna Slovenija;ženske;45-54;1694
2017;Jugovzhodna Slovenija;moški;55-64;1897
2017;Jugovzhodna Slovenija;ženske;55-64;1904
2017;Jugovzhodna Slovenija;moški;65 ali več;3176
2017;Jugovzhodna Slovenija;ženske;65 ali več;3782
2017;Koroška;moški;15-24;1273
2017;Koroška;ženske;15-24;1028
2017;Koroška;moški;25-34;1496
2017;Koroška;ženske;25-34;1267
2017;Koroška;moški;35-44;1732
2017;Koroška;ženske;35-44;1512
2017;Koroška;moški;45-54;1798
2017;Koroška;ženske;45-54;1621
2017;Koroška;moški;55-64;1925
2017;Koroška;ženske;55-64;1830
2017;Koroška;moški;65 ali več;3692
2017;Koroška;ženske;65 ali več;3438
2017;Obalno-kraška;moški;15-24;1167
2017;Obalno-kraška;ženske;15-24;1043
2017;Obalno-kraška;moški;25-34;1465
2017;Obalno-kraška;ženske;25-34;1323
2017;Obalno-kraška;moški;35-44;1825
2017;Obalno-kraška;ženske;35-44;1638
2017;Obalno-kraška;moški;45-54;1959
2017;Obalno-kraška;ženske;45-54;1733
2017;Obalno-kraška;moški;55-64;1999
2017;Obalno-kraška;ženske;55-64;1854
2017;Obalno-kraška;moški;65 ali več;3075
2017;Obalno-kraška;ženske;65 ali več;2916
2017;Osrednjeslovenska;moški;15-24;1165
2017;Osrednjeslovenska;ženske;15-24;1078
2017;Osrednjeslovenska;moški;25-34;1554
2017;Osrednjeslovenska;ženske;25-34;1468
2017;Osrednjeslovenska;moški;35-44;1995
2017;Osrednjeslovenska;ženske;35-44;1890
2017;Osrednjeslovenska;moški;45-54;2091
2017;Osrednjeslovenska;ženske;45-54;1969
2017;Osrednjeslovenska;moški;55-64;2125
2017;Osrednjeslovenska;ženske;55-64;2090
2017;Osrednjeslovenska;moški;65 ali več;3386
2017;Osrednjeslovenska;ženske;65 ali več;3407
2017;Podravska;moški;15-24;1143
2017;Podravska;ženske;15-24;1027
2017;Podravska;moški;25-34;1419
2017;Podravska;ženske;25-34;1295
2017;Podravska;moški;35-44;1718
2017;Podravska;ženske;35-44;1556
2017;Podravska;moški;45-54;1795
2017;Podravska;ženske;45-54;1611
2017;Podravska;moški;55-64;1846
2017;Podravska;ženske;55-64;1774
2017;Podravska;moški;65 ali več;3496
2017;Podravska;ženske;65 ali več;3074
2017;Pomurska;moški;25-34;1359
2017;Pomurska;ženske;25-34;1245
2017;Pomurska;moški;35-44;1620
2017;Pomurska;ženske;35-44;1441
2017;Pomurska;moški;45-54;1632
2017;Pomurska;ženske;45-54;1464
2017;Pomurska;moški;55-64;1746
2017;Pomurska;ženske;55-64;1714
2017;Posavska;moški;25-34;1524
2017;Posavska;ženske;25-34;1352
2017;Posavska;moški;35-44;1705
2017;Posavska;ženske;35-44;1527
2017;Posavska;moški;45-54;1748
2017;Posavska;ženske;45-54;1591
2017;Posavska;moški;55-64;1901
2017;Posavska;ženske;55-64;1760
2017;Primorsko-notranjska;moški;25-34;1435
2017;Primorsko-notranjska;ženske;25-34;1328
2017;Primorsko-notranjska;moški;35-44;1702
2017;Primorsko-notranjska;ženske;35-44;1571
2017;Primorsko-notranjska;moški;45-54;1751
2017;Primorsko-notranjska;ženske;45-54;1568
2017;Primorsko-notranjska;moški;55-64;1792
2017;Primorsko-notranjska;ženske;55-64;1783
2017;Savinjska;moški;15-24;1168
2017;Savinjska;ženske;15-24;1016
2017;Savinjska;moški;25-34;1435
2017;Savinjska;ženske;25-34;1306
2017;Savinjska;moški;35-44;1708
2017;Savinjska;ženske;35-44;1547
2017;Savinjska;moški;45-54;1782
2017;Savinjska;ženske;45-54;1573
2017;Savinjska;moški;55-64;1893
2017;Savinjska;ženske;55-64;1736
2017;Savinjska;moški;65 ali več;2816
2017;Savinjska;ženske;65 ali več;2942
2017;Zasavska;moški;25-34;1452
2017;Zasavska;ženske;25-34;1302
2017;Zasavska;moški;35-44;1696
2017;Zasavska;ženske;35-44;1567
2017;Zasavska;moški;45-54;1739
2017;Zasavska;ženske;45-54;1572
2017;Zasavska;moški;55-64;1780
2017;Zasavska;ženske;55-64;1715
2018;Gorenjska;moški;15-24;1265
2018;Gorenjska;ženske;15-24;1112
2018;Gorenjska;moški;25-34;1592
2018;Gorenjska;ženske;25-34;1418
2018;Gorenjska;moški;35-44;1948
2018;Gorenjska;ženske;35-44;1707
2018;Gorenjska;moški;45-54;2060
2018;Gorenjska;ženske;45-54;1755
2018;Gorenjska;moški;55-64;1994
2018;Gorenjska;ženske;55-64;1871
2018;Gorenjska;moški;65 ali več;2983
2018;Gorenjska;ženske;65 ali več;2763
2018;Goriška;moški;15-24;1173
2018;Goriška;ženske;15-24;1106
2018;Goriška;moški;25-34;1476
2018;Goriška;ženske;25-34;1357
2018;Goriška;moški;35-44;1776
2018;Goriška;ženske;35-44;1588
2018;Goriška;moški;45-54;1864
2018;Goriška;ženske;45-54;1664
2018;Goriška;moški;55-64;1965
2018;Goriška;ženske;55-64;1827
2018;Goriška;moški;65 ali več;3083
2018;Goriška;ženske;65 ali več;3377
2018;Jugovzhodna Slovenija;moški;15-24;1250
2018;Jugovzhodna Slovenija;ženske;15-24;1179
2018;Jugovzhodna Slovenija;moški;25-34;1576
2018;Jugovzhodna Slovenija;ženske;25-34;1450
2018;Jugovzhodna Slovenija;moški;35-44;1847
2018;Jugovzhodna Slovenija;ženske;35-44;1713
2018;Jugovzhodna Slovenija;moški;45-54;1880
2018;Jugovzhodna Slovenija;ženske;45-54;1756
2018;Jugovzhodna Slovenija;moški;55-64;1967
2018;Jugovzhodna Slovenija;ženske;55-64;1929
2018;Jugovzhodna Slovenija;moški;65 ali več;2683
2018;Jugovzhodna Slovenija;ženske;65 ali več;2597
2018;Koroška;moški;15-24;1293
2018;Koroška;ženske;15-24;1042
2018;Koroška;moški;25-34;1565
2018;Koroška;ženske;25-34;1322
2018;Koroška;moški;35-44;1809
2018;Koroška;ženske;35-44;1547
2018;Koroška;moški;45-54;1870
2018;Koroška;ženske;45-54;1654
2018;Koroška;moški;55-64;1956
2018;Koroška;ženske;55-64;1840
2018;Koroška;moški;65 ali več;3813
2018;Koroška;ženske;65 ali več;3540
2018;Obalno-kraška;moški;15-24;1208
2018;Obalno-kraška;ženske;15-24;1069
2018;Obalno-kraška;moški;25-34;1509
2018;Obalno-kraška;ženske;25-34;1349
2018;Obalno-kraška;moški;35-44;1850
2018;Obalno-kraška;ženske;35-44;1653
2018;Obalno-kraška;moški;45-54;2037
2018;Obalno-kraška;ženske;45-54;1803
2018;Obalno-kraška;moški;55-64;2010
2018;Obalno-kraška;ženske;55-64;1880
2018;Obalno-kraška;moški;65 ali več;2800
2018;Obalno-kraška;ženske;65 ali več;3183
2018;Osrednjeslovenska;moški;15-24;1219
2018;Osrednjeslovenska;ženske;15-24;1117
2018;Osrednjeslovenska;moški;25-34;1632
2018;Osrednjeslovenska;ženske;25-34;1519
2018;Osrednjeslovenska;moški;35-44;2058
2018;Osrednjeslovenska;ženske;35-44;1925
2018;Osrednjeslovenska;moški;45-54;2176
2018;Osrednjeslovenska;ženske;45-54;2041
2018;Osrednjeslovenska;moški;55-64;2176
2018;Osrednjeslovenska;ženske;55-64;2126
2018;Osrednjeslovenska;moški;65 ali več;3157
2018;Osrednjeslovenska;ženske;65 ali več;3307
2018;Podravska;moški;15-24;1216
2018;Podravska;ženske;15-24;1058
2018;Podravska;moški;25-34;1508
2018;Podravska;ženske;25-34;1346
2018;Podravska;moški;35-44;1787
2018;Podravska;ženske;35-44;1588
2018;Podravska;moški;45-54;1870
2018;Podravska;ženske;45-54;1653
2018;Podravska;moški;55-64;1890
2018;Podravska;ženske;55-64;1788
2018;Podravska;moški;65 ali več;3198
2018;Podravska;ženske;65 ali več;3088
2018;Pomurska;moški;25-34;1427
2018;Pomurska;ženske;25-34;1285
2018;Pomurska;moški;35-44;1698
2018;Pomurska;ženske;35-44;1486
2018;Pomurska;moški;45-54;1695
2018;Pomurska;ženske;45-54;1498
2018;Pomurska;moški;55-64;1775
2018;Pomurska;ženske;55-64;1734
2018;Posavska;moški;15-24;1249
2018;Posavska;ženske;15-24;1157
2018;Posavska;moški;25-34;1621
2018;Posavska;ženske;25-34;1395
2018;Posavska;moški;35-44;1779
2018;Posavska;ženske;35-44;1595
2018;Posavska;moški;45-54;1816
2018;Posavska;ženske;45-54;1643
2018;Posavska;moški;55-64;1948
2018;Posavska;ženske;55-64;1763
2018;Posavska;moški;65 ali več;3742
2018;Posavska;ženske;65 ali več;3932
2018;Primorsko-notranjska;moški;25-34;1505
2018;Primorsko-notranjska;ženske;25-34;1362
2018;Primorsko-notranjska;moški;35-44;1780
2018;Primorsko-notranjska;ženske;35-44;1619
2018;Primorsko-notranjska;moški;45-54;1824
2018;Primorsko-notranjska;ženske;45-54;1603
2018;Primorsko-notranjska;moški;55-64;1815
2018;Primorsko-notranjska;ženske;55-64;1797
2018;Savinjska;moški;15-24;1256
2018;Savinjska;ženske;15-24;1063
2018;Savinjska;moški;25-34;1502
2018;Savinjska;ženske;25-34;1342
2018;Savinjska;moški;35-44;1774
2018;Savinjska;ženske;35-44;1588
2018;Savinjska;moški;45-54;1835
2018;Savinjska;ženske;45-54;1612
2018;Savinjska;moški;55-64;1929
2018;Savinjska;ženske;55-64;1769
2018;Savinjska;moški;65 ali več;3220
2018;Savinjska;ženske;65 ali več;2622
2018;Zasavska;moški;25-34;1524
2018;Zasavska;ženske;25-34;1346
2018;Zasavska;moški;35-44;1777
2018;Zasavska;ženske;35-44;1620
2018;Zasavska;moški;45-54;1777
2018;Zasavska;ženske;45-54;1622
2018;Zasavska;moški;55-64;1834
2018;Zasavska;ženske;55-64;1751
2019;Gorenjska;moški;15-24;1308
2019;Gorenjska;ženske;15-24;1152
2019;Gorenjska;moški;25-34;1643
2019;Gorenjska;ženske;25-34;1469
2019;Gorenjska;moški;35-44;1978
2019;Gorenjska;ženske;35-44;1775
2019;Gorenjska;moški;45-54;2135
2019;Gorenjska;ženske;45-54;1849
2019;Gorenjska;moški;55-64;2069
2019;Gorenjska;ženske;55-64;1941
2019;Gorenjska;moški;65 ali več;2912
2019;Gorenjska;ženske;65 ali več;2676
2019;Goriška;moški;15-24;1235
2019;Goriška;ženske;15-24;1115
2019;Goriška;moški;25-34;1529
2019;Goriška;ženske;25-34;1403
2019;Goriška;moški;35-44;1824
2019;Goriška;ženske;35-44;1663
2019;Goriška;moški;45-54;1932
2019;Goriška;ženske;45-54;1745
2019;Goriška;moški;55-64;2014
2019;Goriška;ženske;55-64;1900
2019;Goriška;moški;65 ali več;3026
2019;Goriška;ženske;65 ali več;2933
2019;Jugovzhodna Slovenija;moški;15-24;1283
2019;Jugovzhodna Slovenija;ženske;15-24;1247
2019;Jugovzhodna Slovenija;moški;25-34;1634
2019;Jugovzhodna Slovenija;ženske;25-34;1519
2019;Jugovzhodna Slovenija;moški;35-44;1929
2019;Jugovzhodna Slovenija;ženske;35-44;1811
2019;Jugovzhodna Slovenija;moški;45-54;1967
2019;Jugovzhodna Slovenija;ženske;45-54;1853
2019;Jugovzhodna Slovenija;moški;55-64;2048
2019;Jugovzhodna Slovenija;ženske;55-64;2015
2019;Jugovzhodna Slovenija;moški;65 ali več;3037
2019;Jugovzhodna Slovenija;ženske;65 ali več;3560
2019;Koroška;moški;15-24;1335
2019;Koroška;ženske;15-24;1095
2019;Koroška;moški;25-34;1594
2019;Koroška;ženske;25-34;1392
2019;Koroška;moški;35-44;1849
2019;Koroška;ženske;35-44;1608
2019;Koroška;moški;45-54;1948
2019;Koroška;ženske;45-54;1720
2019;Koroška;moški;55-64;2009
2019;Koroška;ženske;55-64;1914
2019;Koroška;moški;65 ali več;3503
2019;Koroška;ženske;65 ali več;3674
2019;Obalno-kraška;moški;15-24;1242
2019;Obalno-kraška;ženske;15-24;1139
2019;Obalno-kraška;moški;25-34;1600
2019;Obalno-kraška;ženske;25-34;1416
2019;Obalno-kraška;moški;35-44;1934
2019;Obalno-kraška;ženske;35-44;1712
2019;Obalno-kraška;moški;45-54;2128
2019;Obalno-kraška;ženske;45-54;1897
2019;Obalno-kraška;moški;55-64;2078
2019;Obalno-kraška;ženske;55-64;1967
2019;Obalno-kraška;moški;65 ali več;2654
2019;Obalno-kraška;ženske;65 ali več;3206
2019;Osrednjeslovenska;moški;15-24;1266
2019;Osrednjeslovenska;ženske;15-24;1159
2019;Osrednjeslovenska;moški;25-34;1708
2019;Osrednjeslovenska;ženske;25-34;1592
2019;Osrednjeslovenska;moški;35-44;2133
2019;Osrednjeslovenska;ženske;35-44;2008
2019;Osrednjeslovenska;moški;45-54;2258
2019;Osrednjeslovenska;ženske;45-54;2150
2019;Osrednjeslovenska;moški;55-64;2233
2019;Osrednjeslovenska;ženske;55-64;2217
2019;Osrednjeslovenska;moški;65 ali več;3373
2019;Osrednjeslovenska;ženske;65 ali več;3255
2019;Podravska;moški;15-24;1288
2019;Podravska;ženske;15-24;1122
2019;Podravska;moški;25-34;1580
2019;Podravska;ženske;25-34;1402
2019;Podravska;moški;35-44;1861
2019;Podravska;ženske;35-44;1666
2019;Podravska;moški;45-54;1950
2019;Podravska;ženske;45-54;1756
2019;Podravska;moški;55-64;1960
2019;Podravska;ženske;55-64;1872
2019;Podravska;moški;65 ali več;3122
2019;Podravska;ženske;65 ali več;3111
2019;Pomurska;moški;15-24;1220
2019;Pomurska;ženske;15-24;1098
2019;Pomurska;moški;25-34;1532
2019;Pomurska;ženske;25-34;1367
2019;Pomurska;moški;35-44;1778
2019;Pomurska;ženske;35-44;1556
2019;Pomurska;moški;45-54;1820
2019;Pomurska;ženske;45-54;1616
2019;Pomurska;moški;55-64;1824
2019;Pomurska;ženske;55-64;1836
2019;Pomurska;moški;65 ali več;3518
2019;Pomurska;ženske;65 ali več;3545
2019;Posavska;moški;15-24;1310
2019;Posavska;ženske;15-24;1186
2019;Posavska;moški;25-34;1653
2019;Posavska;ženske;25-34;1455
2019;Posavska;moški;35-44;1833
2019;Posavska;ženske;35-44;1678
2019;Posavska;moški;45-54;1901
2019;Posavska;ženske;45-54;1724
2019;Posavska;moški;55-64;2006
2019;Posavska;ženske;55-64;1862
2019;Posavska;moški;65 ali več;3190
2019;Posavska;ženske;65 ali več;3574
2019;Primorsko-notranjska;moški;15-24;1273
2019;Primorsko-notranjska;ženske;15-24;1104
2019;Primorsko-notranjska;moški;25-34;1568
2019;Primorsko-notranjska;ženske;25-34;1408
2019;Primorsko-notranjska;moški;35-44;1815
2019;Primorsko-notranjska;ženske;35-44;1696
2019;Primorsko-notranjska;moški;55-64;1851
2019;Primorsko-notranjska;ženske;55-64;1859
2019;Savinjska;moški;15-24;1286
2019;Savinjska;ženske;15-24;1115
2019;Savinjska;moški;25-34;1556
2019;Savinjska;ženske;25-34;1391
2019;Savinjska;moški;35-44;1825
2019;Savinjska;ženske;35-44;1664
2019;Savinjska;moški;45-54;1894
2019;Savinjska;ženske;45-54;1687
2019;Savinjska;moški;55-64;1966
2019;Savinjska;ženske;55-64;1834
2019;Savinjska;moški;65 ali več;2891
2019;Savinjska;ženske;65 ali več;3265
2019;Zasavska;moški;15-24;1278
2019;Zasavska;ženske;15-24;1182
2019;Zasavska;moški;25-34;1567
2019;Zasavska;ženske;25-34;1410
2019;Zasavska;moški;35-44;1834
2019;Zasavska;ženske;35-44;1706
2019;Zasavska;moški;55-64;1935
2019;Zasavska;ženske;55-64;1823
