"";"Leto";"Regija";"Starost";"Spol";"Placa"
"1";2008;"Pomurska";"15-24 let";"Moški";899
"2";2008;"Pomurska";"15-24 let";"Ženske";838
"3";2008;"Pomurska";"25-34 let";"Moški";1161
"4";2008;"Pomurska";"25-34 let";"Ženske";1067
"5";2008;"Pomurska";"35-44 let";"Moški";1275
"6";2008;"Pomurska";"35-44 let";"Ženske";1105
"7";2008;"Pomurska";"45-54 let";"Moški";1327
"8";2008;"Pomurska";"45-54 let";"Ženske";1192
"9";2008;"Pomurska";"55-64 let";"Moški";1394
"10";2008;"Pomurska";"55-64 let";"Ženske";1576
"11";2008;"Pomurska";"65 let ali veè";"Moški";3924
"12";2008;"Podravska";"15-24 let";"Moški";900
"13";2008;"Podravska";"15-24 let";"Ženske";808
"14";2008;"Podravska";"25-34 let";"Moški";1229
"15";2008;"Podravska";"25-34 let";"Ženske";1136
"16";2008;"Podravska";"35-44 let";"Moški";1425
"17";2008;"Podravska";"35-44 let";"Ženske";1280
"18";2008;"Podravska";"45-54 let";"Moški";1446
"19";2008;"Podravska";"45-54 let";"Ženske";1367
"20";2008;"Podravska";"55-64 let";"Moški";1675
"21";2008;"Podravska";"55-64 let";"Ženske";1743
"22";2008;"Podravska";"65 let ali veè";"Moški";4086
"23";2008;"Podravska";"65 let ali veè";"Ženske";3053
"24";2008;"Koroška";"15-24 let";"Moški";954
"25";2008;"Koroška";"15-24 let";"Ženske";811
"26";2008;"Koroška";"25-34 let";"Moški";1220
"27";2008;"Koroška";"25-34 let";"Ženske";1088
"28";2008;"Koroška";"35-44 let";"Moški";1395
"29";2008;"Koroška";"35-44 let";"Ženske";1232
"30";2008;"Koroška";"45-54 let";"Moški";1466
"31";2008;"Koroška";"45-54 let";"Ženske";1359
"32";2008;"Koroška";"55-64 let";"Moški";1687
"33";2008;"Koroška";"55-64 let";"Ženske";1722
"34";2008;"Koroška";"65 let ali veè";"Moški";3575
"35";2008;"Savinjska";"15-24 let";"Moški";891
"36";2008;"Savinjska";"15-24 let";"Ženske";838
"37";2008;"Savinjska";"25-34 let";"Moški";1220
"38";2008;"Savinjska";"25-34 let";"Ženske";1121
"39";2008;"Savinjska";"35-44 let";"Moški";1402
"40";2008;"Savinjska";"35-44 let";"Ženske";1240
"41";2008;"Savinjska";"45-54 let";"Moški";1486
"42";2008;"Savinjska";"45-54 let";"Ženske";1324
"43";2008;"Savinjska";"55-64 let";"Moški";1678
"44";2008;"Savinjska";"55-64 let";"Ženske";1695
"45";2008;"Savinjska";"65 let ali veè";"Moški";3668
"46";2008;"Zasavska";"15-24 let";"Moški";900
"47";2008;"Zasavska";"15-24 let";"Ženske";843
"48";2008;"Zasavska";"25-34 let";"Moški";1243
"49";2008;"Zasavska";"25-34 let";"Ženske";1176
"50";2008;"Zasavska";"35-44 let";"Moški";1484
"51";2008;"Zasavska";"35-44 let";"Ženske";1227
"52";2008;"Zasavska";"45-54 let";"Moški";1495
"53";2008;"Zasavska";"45-54 let";"Ženske";1296
"54";2008;"Zasavska";"55-64 let";"Moški";1589
"55";2008;"Zasavska";"55-64 let";"Ženske";1738
"56";2008;"Posavska";"15-24 let";"Moški";943
"57";2008;"Posavska";"15-24 let";"Ženske";869
"58";2008;"Posavska";"25-34 let";"Moški";1230
"59";2008;"Posavska";"25-34 let";"Ženske";1126
"60";2008;"Posavska";"35-44 let";"Moški";1374
"61";2008;"Posavska";"35-44 let";"Ženske";1262
"62";2008;"Posavska";"45-54 let";"Moški";1504
"63";2008;"Posavska";"45-54 let";"Ženske";1297
"64";2008;"Posavska";"55-64 let";"Moški";1614
"65";2008;"Posavska";"55-64 let";"Ženske";1765
"66";2008;"Posavska";"65 let ali veè";"Moški";3924
"67";2008;"Jugovzhodna Slovenija";"15-24 let";"Moški";935
"68";2008;"Jugovzhodna Slovenija";"15-24 let";"Ženske";909
"69";2008;"Jugovzhodna Slovenija";"25-34 let";"Moški";1269
"70";2008;"Jugovzhodna Slovenija";"25-34 let";"Ženske";1177
"71";2008;"Jugovzhodna Slovenija";"35-44 let";"Moški";1426
"72";2008;"Jugovzhodna Slovenija";"35-44 let";"Ženske";1335
"73";2008;"Jugovzhodna Slovenija";"45-54 let";"Moški";1486
"74";2008;"Jugovzhodna Slovenija";"45-54 let";"Ženske";1385
"75";2008;"Jugovzhodna Slovenija";"55-64 let";"Moški";1651
"76";2008;"Jugovzhodna Slovenija";"55-64 let";"Ženske";2018
"77";2008;"Jugovzhodna Slovenija";"65 let ali veè";"Moški";5253
"78";2008;"Osrednjeslovenska";"15-24 let";"Moški";920
"79";2008;"Osrednjeslovenska";"15-24 let";"Ženske";907
"80";2008;"Osrednjeslovenska";"25-34 let";"Moški";1423
"81";2008;"Osrednjeslovenska";"25-34 let";"Ženske";1352
"82";2008;"Osrednjeslovenska";"35-44 let";"Moški";1756
"83";2008;"Osrednjeslovenska";"35-44 let";"Ženske";1600
"84";2008;"Osrednjeslovenska";"45-54 let";"Moški";1729
"85";2008;"Osrednjeslovenska";"45-54 let";"Ženske";1601
"86";2008;"Osrednjeslovenska";"55-64 let";"Moški";1963
"87";2008;"Osrednjeslovenska";"55-64 let";"Ženske";2079
"88";2008;"Osrednjeslovenska";"65 let ali veè";"Moški";4176
"89";2008;"Osrednjeslovenska";"65 let ali veè";"Ženske";3197
"90";2008;"Gorenjska";"15-24 let";"Moški";956
"91";2008;"Gorenjska";"15-24 let";"Ženske";875
"92";2008;"Gorenjska";"25-34 let";"Moški";1340
"93";2008;"Gorenjska";"25-34 let";"Ženske";1203
"94";2008;"Gorenjska";"35-44 let";"Moški";1623
"95";2008;"Gorenjska";"35-44 let";"Ženske";1370
"96";2008;"Gorenjska";"45-54 let";"Moški";1567
"97";2008;"Gorenjska";"45-54 let";"Ženske";1413
"98";2008;"Gorenjska";"55-64 let";"Moški";1738
"99";2008;"Gorenjska";"55-64 let";"Ženske";1830
"100";2008;"Gorenjska";"65 let ali veè";"Moški";4158
"101";2008;"Gorenjska";"65 let ali veè";"Ženske";2621
"102";2008;"Primorsko-notranjska";"15-24 let";"Moški";885
"103";2008;"Primorsko-notranjska";"15-24 let";"Ženske";834
"104";2008;"Primorsko-notranjska";"25-34 let";"Moški";1218
"105";2008;"Primorsko-notranjska";"25-34 let";"Ženske";1156
"106";2008;"Primorsko-notranjska";"35-44 let";"Moški";1399
"107";2008;"Primorsko-notranjska";"35-44 let";"Ženske";1238
"108";2008;"Primorsko-notranjska";"45-54 let";"Moški";1437
"109";2008;"Primorsko-notranjska";"45-54 let";"Ženske";1317
"110";2008;"Primorsko-notranjska";"55-64 let";"Moški";1590
"111";2008;"Primorsko-notranjska";"55-64 let";"Ženske";1656
"112";2008;"Primorsko-notranjska";"65 let ali veè";"Moški";3902
"113";2008;"Goriška";"15-24 let";"Moški";898
"114";2008;"Goriška";"15-24 let";"Ženske";868
"115";2008;"Goriška";"25-34 let";"Moški";1273
"116";2008;"Goriška";"25-34 let";"Ženske";1201
"117";2008;"Goriška";"35-44 let";"Moški";1533
"118";2008;"Goriška";"35-44 let";"Ženske";1332
"119";2008;"Goriška";"45-54 let";"Moški";1580
"120";2008;"Goriška";"45-54 let";"Ženske";1397
"121";2008;"Goriška";"55-64 let";"Moški";1798
"122";2008;"Goriška";"55-64 let";"Ženske";1769
"123";2008;"Goriška";"65 let ali veè";"Moški";3804
"124";2008;"Obalno-kraška";"15-24 let";"Moški";859
"125";2008;"Obalno-kraška";"15-24 let";"Ženske";861
"126";2008;"Obalno-kraška";"25-34 let";"Moški";1278
"127";2008;"Obalno-kraška";"25-34 let";"Ženske";1225
"128";2008;"Obalno-kraška";"35-44 let";"Moški";1583
"129";2008;"Obalno-kraška";"35-44 let";"Ženske";1428
"130";2008;"Obalno-kraška";"45-54 let";"Moški";1630
"131";2008;"Obalno-kraška";"45-54 let";"Ženske";1440
"132";2008;"Obalno-kraška";"55-64 let";"Moški";1792
"133";2008;"Obalno-kraška";"55-64 let";"Ženske";1709
"134";2008;"Obalno-kraška";"65 let ali veè";"Moški";3486
"135";2009;"Pomurska";"15-24 let";"Moški";920
"136";2009;"Pomurska";"15-24 let";"Ženske";854
"137";2009;"Pomurska";"25-34 let";"Moški";1180
"138";2009;"Pomurska";"25-34 let";"Ženske";1146
"139";2009;"Pomurska";"35-44 let";"Moški";1355
"140";2009;"Pomurska";"35-44 let";"Ženske";1322
"141";2009;"Pomurska";"45-54 let";"Moški";1416
"142";2009;"Pomurska";"45-54 let";"Ženske";1447
"143";2009;"Pomurska";"55-64 let";"Moški";1537
"144";2009;"Pomurska";"55-64 let";"Ženske";1832
"145";2009;"Pomurska";"65 let ali veè";"Moški";3721
"146";2009;"Podravska";"15-24 let";"Moški";893
"147";2009;"Podravska";"15-24 let";"Ženske";860
"148";2009;"Podravska";"25-34 let";"Moški";1239
"149";2009;"Podravska";"25-34 let";"Ženske";1187
"150";2009;"Podravska";"35-44 let";"Moški";1445
"151";2009;"Podravska";"35-44 let";"Ženske";1356
"152";2009;"Podravska";"45-54 let";"Moški";1474
"153";2009;"Podravska";"45-54 let";"Ženske";1457
"154";2009;"Podravska";"55-64 let";"Moški";1696
"155";2009;"Podravska";"55-64 let";"Ženske";1844
"156";2009;"Podravska";"65 let ali veè";"Moški";4416
"157";2009;"Podravska";"65 let ali veè";"Ženske";3615
"158";2009;"Koroška";"15-24 let";"Moški";930
"159";2009;"Koroška";"15-24 let";"Ženske";865
"160";2009;"Koroška";"25-34 let";"Moški";1208
"161";2009;"Koroška";"25-34 let";"Ženske";1105
"162";2009;"Koroška";"35-44 let";"Moški";1398
"163";2009;"Koroška";"35-44 let";"Ženske";1290
"164";2009;"Koroška";"45-54 let";"Moški";1453
"165";2009;"Koroška";"45-54 let";"Ženske";1433
"166";2009;"Koroška";"55-64 let";"Moški";1707
"167";2009;"Koroška";"55-64 let";"Ženske";1829
"168";2009;"Koroška";"65 let ali veè";"Moški";4018
"169";2009;"Savinjska";"15-24 let";"Moški";884
"170";2009;"Savinjska";"15-24 let";"Ženske";874
"171";2009;"Savinjska";"25-34 let";"Moški";1224
"172";2009;"Savinjska";"25-34 let";"Ženske";1174
"173";2009;"Savinjska";"35-44 let";"Moški";1416
"174";2009;"Savinjska";"35-44 let";"Ženske";1299
"175";2009;"Savinjska";"45-54 let";"Moški";1504
"176";2009;"Savinjska";"45-54 let";"Ženske";1391
"177";2009;"Savinjska";"55-64 let";"Moški";1651
"178";2009;"Savinjska";"55-64 let";"Ženske";1766
"179";2009;"Savinjska";"65 let ali veè";"Moški";3713
"180";2009;"Zasavska";"15-24 let";"Moški";902
"181";2009;"Zasavska";"15-24 let";"Ženske";870
"182";2009;"Zasavska";"25-34 let";"Moški";1264
"183";2009;"Zasavska";"25-34 let";"Ženske";1224
"184";2009;"Zasavska";"35-44 let";"Moški";1504
"185";2009;"Zasavska";"35-44 let";"Ženske";1300
"186";2009;"Zasavska";"45-54 let";"Moški";1514
"187";2009;"Zasavska";"45-54 let";"Ženske";1399
"188";2009;"Zasavska";"55-64 let";"Moški";1638
"189";2009;"Zasavska";"55-64 let";"Ženske";1797
"190";2009;"Posavska";"15-24 let";"Moški";956
"191";2009;"Posavska";"15-24 let";"Ženske";903
"192";2009;"Posavska";"25-34 let";"Moški";1225
"193";2009;"Posavska";"25-34 let";"Ženske";1188
"194";2009;"Posavska";"35-44 let";"Moški";1395
"195";2009;"Posavska";"35-44 let";"Ženske";1327
"196";2009;"Posavska";"45-54 let";"Moški";1536
"197";2009;"Posavska";"45-54 let";"Ženske";1374
"198";2009;"Posavska";"55-64 let";"Moški";1641
"199";2009;"Posavska";"55-64 let";"Ženske";1877
"200";2009;"Posavska";"65 let ali veè";"Moški";4246
"201";2009;"Jugovzhodna Slovenija";"15-24 let";"Moški";932
"202";2009;"Jugovzhodna Slovenija";"15-24 let";"Ženske";966
"203";2009;"Jugovzhodna Slovenija";"25-34 let";"Moški";1252
"204";2009;"Jugovzhodna Slovenija";"25-34 let";"Ženske";1218
"205";2009;"Jugovzhodna Slovenija";"35-44 let";"Moški";1442
"206";2009;"Jugovzhodna Slovenija";"35-44 let";"Ženske";1390
"207";2009;"Jugovzhodna Slovenija";"45-54 let";"Moški";1496
"208";2009;"Jugovzhodna Slovenija";"45-54 let";"Ženske";1464
"209";2009;"Jugovzhodna Slovenija";"55-64 let";"Moški";1670
"210";2009;"Jugovzhodna Slovenija";"55-64 let";"Ženske";2137
"211";2009;"Jugovzhodna Slovenija";"65 let ali veè";"Moški";4470
"212";2009;"Osrednjeslovenska";"15-24 let";"Moški";935
"213";2009;"Osrednjeslovenska";"15-24 let";"Ženske";940
"214";2009;"Osrednjeslovenska";"25-34 let";"Moški";1430
"215";2009;"Osrednjeslovenska";"25-34 let";"Ženske";1387
"216";2009;"Osrednjeslovenska";"35-44 let";"Moški";1792
"217";2009;"Osrednjeslovenska";"35-44 let";"Ženske";1693
"218";2009;"Osrednjeslovenska";"45-54 let";"Moški";1782
"219";2009;"Osrednjeslovenska";"45-54 let";"Ženske";1707
"220";2009;"Osrednjeslovenska";"55-64 let";"Moški";2029
"221";2009;"Osrednjeslovenska";"55-64 let";"Ženske";2203
"222";2009;"Osrednjeslovenska";"65 let ali veè";"Moški";4421
"223";2009;"Osrednjeslovenska";"65 let ali veè";"Ženske";3616
"224";2009;"Gorenjska";"15-24 let";"Moški";942
"225";2009;"Gorenjska";"15-24 let";"Ženske";902
"226";2009;"Gorenjska";"25-34 let";"Moški";1330
"227";2009;"Gorenjska";"25-34 let";"Ženske";1241
"228";2009;"Gorenjska";"35-44 let";"Moški";1628
"229";2009;"Gorenjska";"35-44 let";"Ženske";1450
"230";2009;"Gorenjska";"45-54 let";"Moški";1581
"231";2009;"Gorenjska";"45-54 let";"Ženske";1483
"232";2009;"Gorenjska";"55-64 let";"Moški";1749
"233";2009;"Gorenjska";"55-64 let";"Ženske";1910
"234";2009;"Gorenjska";"65 let ali veè";"Moški";3773
"235";2009;"Gorenjska";"65 let ali veè";"Ženske";2481
"236";2009;"Primorsko-notranjska";"15-24 let";"Moški";880
"237";2009;"Primorsko-notranjska";"15-24 let";"Ženske";856
"238";2009;"Primorsko-notranjska";"25-34 let";"Moški";1238
"239";2009;"Primorsko-notranjska";"25-34 let";"Ženske";1218
"240";2009;"Primorsko-notranjska";"35-44 let";"Moški";1434
"241";2009;"Primorsko-notranjska";"35-44 let";"Ženske";1342
"242";2009;"Primorsko-notranjska";"45-54 let";"Moški";1451
"243";2009;"Primorsko-notranjska";"45-54 let";"Ženske";1416
"244";2009;"Primorsko-notranjska";"55-64 let";"Moški";1635
"245";2009;"Primorsko-notranjska";"55-64 let";"Ženske";1701
"246";2009;"Primorsko-notranjska";"65 let ali veè";"Moški";4079
"247";2009;"Goriška";"15-24 let";"Moški";873
"248";2009;"Goriška";"15-24 let";"Ženske";868
"249";2009;"Goriška";"25-34 let";"Moški";1256
"250";2009;"Goriška";"25-34 let";"Ženske";1235
"251";2009;"Goriška";"35-44 let";"Moški";1547
"252";2009;"Goriška";"35-44 let";"Ženske";1389
"253";2009;"Goriška";"45-54 let";"Moški";1580
"254";2009;"Goriška";"45-54 let";"Ženske";1474
"255";2009;"Goriška";"55-64 let";"Moški";1834
"256";2009;"Goriška";"55-64 let";"Ženske";1941
"257";2009;"Goriška";"65 let ali veè";"Moški";4703
"258";2009;"Obalno-kraška";"15-24 let";"Moški";876
"259";2009;"Obalno-kraška";"15-24 let";"Ženske";897
"260";2009;"Obalno-kraška";"25-34 let";"Moški";1282
"261";2009;"Obalno-kraška";"25-34 let";"Ženske";1252
"262";2009;"Obalno-kraška";"35-44 let";"Moški";1622
"263";2009;"Obalno-kraška";"35-44 let";"Ženske";1514
"264";2009;"Obalno-kraška";"45-54 let";"Moški";1665
"265";2009;"Obalno-kraška";"45-54 let";"Ženske";1532
"266";2009;"Obalno-kraška";"55-64 let";"Moški";1841
"267";2009;"Obalno-kraška";"55-64 let";"Ženske";1821
"268";2009;"Obalno-kraška";"65 let ali veè";"Moški";3303
"269";2010;"Pomurska";"15-24 let";"Moški";938
"270";2010;"Pomurska";"15-24 let";"Ženske";902
"271";2010;"Pomurska";"25-34 let";"Moški";1211
"272";2010;"Pomurska";"25-34 let";"Ženske";1180
"273";2010;"Pomurska";"35-44 let";"Moški";1380
"274";2010;"Pomurska";"35-44 let";"Ženske";1291
"275";2010;"Pomurska";"45-54 let";"Moški";1437
"276";2010;"Pomurska";"45-54 let";"Ženske";1425
"277";2010;"Pomurska";"55-64 let";"Moški";1614
"278";2010;"Pomurska";"55-64 let";"Ženske";1922
"279";2010;"Pomurska";"65 let ali veè";"Moški";3302
"280";2010;"Podravska";"15-24 let";"Moški";952
"281";2010;"Podravska";"15-24 let";"Ženske";918
"282";2010;"Podravska";"25-34 let";"Moški";1279
"283";2010;"Podravska";"25-34 let";"Ženske";1234
"284";2010;"Podravska";"35-44 let";"Moški";1509
"285";2010;"Podravska";"35-44 let";"Ženske";1407
"286";2010;"Podravska";"45-54 let";"Moški";1524
"287";2010;"Podravska";"45-54 let";"Ženske";1505
"288";2010;"Podravska";"55-64 let";"Moški";1782
"289";2010;"Podravska";"55-64 let";"Ženske";1891
"290";2010;"Podravska";"65 let ali veè";"Moški";4331
"291";2010;"Podravska";"65 let ali veè";"Ženske";3487
"292";2010;"Koroška";"15-24 let";"Moški";1005
"293";2010;"Koroška";"15-24 let";"Ženske";914
"294";2010;"Koroška";"25-34 let";"Moški";1253
"295";2010;"Koroška";"25-34 let";"Ženske";1183
"296";2010;"Koroška";"35-44 let";"Moški";1465
"297";2010;"Koroška";"35-44 let";"Ženske";1407
"298";2010;"Koroška";"45-54 let";"Moški";1535
"299";2010;"Koroška";"45-54 let";"Ženske";1512
"300";2010;"Koroška";"55-64 let";"Moški";1757
"301";2010;"Koroška";"55-64 let";"Ženske";1937
"302";2010;"Savinjska";"15-24 let";"Moški";969
"303";2010;"Savinjska";"15-24 let";"Ženske";944
"304";2010;"Savinjska";"25-34 let";"Moški";1297
"305";2010;"Savinjska";"25-34 let";"Ženske";1217
"306";2010;"Savinjska";"35-44 let";"Moški";1494
"307";2010;"Savinjska";"35-44 let";"Ženske";1363
"308";2010;"Savinjska";"45-54 let";"Moški";1578
"309";2010;"Savinjska";"45-54 let";"Ženske";1443
"310";2010;"Savinjska";"55-64 let";"Moški";1776
"311";2010;"Savinjska";"55-64 let";"Ženske";1860
"312";2010;"Savinjska";"65 let ali veè";"Moški";3901
"313";2010;"Zasavska";"15-24 let";"Moški";986
"314";2010;"Zasavska";"15-24 let";"Ženske";911
"315";2010;"Zasavska";"25-34 let";"Moški";1302
"316";2010;"Zasavska";"25-34 let";"Ženske";1277
"317";2010;"Zasavska";"35-44 let";"Moški";1556
"318";2010;"Zasavska";"35-44 let";"Ženske";1381
"319";2010;"Zasavska";"45-54 let";"Moški";1591
"320";2010;"Zasavska";"45-54 let";"Ženske";1435
"321";2010;"Zasavska";"55-64 let";"Moški";1748
"322";2010;"Zasavska";"55-64 let";"Ženske";1768
"323";2010;"Posavska";"15-24 let";"Moški";992
"324";2010;"Posavska";"15-24 let";"Ženske";926
"325";2010;"Posavska";"25-34 let";"Moški";1278
"326";2010;"Posavska";"25-34 let";"Ženske";1270
"327";2010;"Posavska";"35-44 let";"Moški";1456
"328";2010;"Posavska";"35-44 let";"Ženske";1368
"329";2010;"Posavska";"45-54 let";"Moški";1548
"330";2010;"Posavska";"45-54 let";"Ženske";1461
"331";2010;"Posavska";"55-64 let";"Moški";1812
"332";2010;"Posavska";"55-64 let";"Ženske";1890
"333";2010;"Jugovzhodna Slovenija";"15-24 let";"Moški";1005
"334";2010;"Jugovzhodna Slovenija";"15-24 let";"Ženske";1014
"335";2010;"Jugovzhodna Slovenija";"25-34 let";"Moški";1334
"336";2010;"Jugovzhodna Slovenija";"25-34 let";"Ženske";1279
"337";2010;"Jugovzhodna Slovenija";"35-44 let";"Moški";1531
"338";2010;"Jugovzhodna Slovenija";"35-44 let";"Ženske";1472
"339";2010;"Jugovzhodna Slovenija";"45-54 let";"Moški";1607
"340";2010;"Jugovzhodna Slovenija";"45-54 let";"Ženske";1552
"341";2010;"Jugovzhodna Slovenija";"55-64 let";"Moški";1781
"342";2010;"Jugovzhodna Slovenija";"55-64 let";"Ženske";2145
"343";2010;"Jugovzhodna Slovenija";"65 let ali veè";"Moški";3398
"344";2010;"Osrednjeslovenska";"15-24 let";"Moški";1000
"345";2010;"Osrednjeslovenska";"15-24 let";"Ženske";978
"346";2010;"Osrednjeslovenska";"25-34 let";"Moški";1481
"347";2010;"Osrednjeslovenska";"25-34 let";"Ženske";1426
"348";2010;"Osrednjeslovenska";"35-44 let";"Moški";1866
"349";2010;"Osrednjeslovenska";"35-44 let";"Ženske";1749
"350";2010;"Osrednjeslovenska";"45-54 let";"Moški";1851
"351";2010;"Osrednjeslovenska";"45-54 let";"Ženske";1761
"352";2010;"Osrednjeslovenska";"55-64 let";"Moški";2137
"353";2010;"Osrednjeslovenska";"55-64 let";"Ženske";2242
"354";2010;"Osrednjeslovenska";"65 let ali veè";"Moški";4394
"355";2010;"Osrednjeslovenska";"65 let ali veè";"Ženske";3207
"356";2010;"Gorenjska";"15-24 let";"Moški";1001
"357";2010;"Gorenjska";"15-24 let";"Ženske";947
"358";2010;"Gorenjska";"25-34 let";"Moški";1385
"359";2010;"Gorenjska";"25-34 let";"Ženske";1293
"360";2010;"Gorenjska";"35-44 let";"Moški";1697
"361";2010;"Gorenjska";"35-44 let";"Ženske";1500
"362";2010;"Gorenjska";"45-54 let";"Moški";1653
"363";2010;"Gorenjska";"45-54 let";"Ženske";1537
"364";2010;"Gorenjska";"55-64 let";"Moški";1830
"365";2010;"Gorenjska";"55-64 let";"Ženske";1968
"366";2010;"Gorenjska";"65 let ali veè";"Moški";4307
"367";2010;"Primorsko-notranjska";"15-24 let";"Moški";946
"368";2010;"Primorsko-notranjska";"15-24 let";"Ženske";950
"369";2010;"Primorsko-notranjska";"25-34 let";"Moški";1273
"370";2010;"Primorsko-notranjska";"25-34 let";"Ženske";1244
"371";2010;"Primorsko-notranjska";"35-44 let";"Moški";1471
"372";2010;"Primorsko-notranjska";"35-44 let";"Ženske";1353
"373";2010;"Primorsko-notranjska";"45-54 let";"Moški";1481
"374";2010;"Primorsko-notranjska";"45-54 let";"Ženske";1444
"375";2010;"Primorsko-notranjska";"55-64 let";"Moški";1665
"376";2010;"Primorsko-notranjska";"55-64 let";"Ženske";1718
"377";2010;"Primorsko-notranjska";"65 let ali veè";"Moški";3543
"378";2010;"Goriška";"15-24 let";"Moški";946
"379";2010;"Goriška";"15-24 let";"Ženske";915
"380";2010;"Goriška";"25-34 let";"Moški";1309
"381";2010;"Goriška";"25-34 let";"Ženske";1254
"382";2010;"Goriška";"35-44 let";"Moški";1599
"383";2010;"Goriška";"35-44 let";"Ženske";1444
"384";2010;"Goriška";"45-54 let";"Moški";1639
"385";2010;"Goriška";"45-54 let";"Ženske";1538
"386";2010;"Goriška";"55-64 let";"Moški";1914
"387";2010;"Goriška";"55-64 let";"Ženske";1972
"388";2010;"Goriška";"65 let ali veè";"Moški";4225
"389";2010;"Obalno-kraška";"15-24 let";"Moški";938
"390";2010;"Obalno-kraška";"15-24 let";"Ženske";943
"391";2010;"Obalno-kraška";"25-34 let";"Moški";1322
"392";2010;"Obalno-kraška";"25-34 let";"Ženske";1296
"393";2010;"Obalno-kraška";"35-44 let";"Moški";1661
"394";2010;"Obalno-kraška";"35-44 let";"Ženske";1535
"395";2010;"Obalno-kraška";"45-54 let";"Moški";1725
"396";2010;"Obalno-kraška";"45-54 let";"Ženske";1580
"397";2010;"Obalno-kraška";"55-64 let";"Moški";1887
"398";2010;"Obalno-kraška";"55-64 let";"Ženske";1904
"399";2010;"Obalno-kraška";"65 let ali veè";"Moški";3389
"400";2011;"Pomurska";"15-24 let";"Moški";996
"401";2011;"Pomurska";"15-24 let";"Ženske";946
"402";2011;"Pomurska";"25-34 let";"Moški";1250
"403";2011;"Pomurska";"25-34 let";"Ženske";1220
"404";2011;"Pomurska";"35-44 let";"Moški";1436
"405";2011;"Pomurska";"35-44 let";"Ženske";1352
"406";2011;"Pomurska";"45-54 let";"Moški";1489
"407";2011;"Pomurska";"45-54 let";"Ženske";1463
"408";2011;"Pomurska";"55-64 let";"Moški";1640
"409";2011;"Pomurska";"55-64 let";"Ženske";1858
"410";2011;"Pomurska";"65 let ali veè";"Moški";3803
"411";2011;"Podravska";"15-24 let";"Moški";995
"412";2011;"Podravska";"15-24 let";"Ženske";956
"413";2011;"Podravska";"25-34 let";"Moški";1312
"414";2011;"Podravska";"25-34 let";"Ženske";1258
"415";2011;"Podravska";"35-44 let";"Moški";1568
"416";2011;"Podravska";"35-44 let";"Ženske";1441
"417";2011;"Podravska";"45-54 let";"Moški";1593
"418";2011;"Podravska";"45-54 let";"Ženske";1511
"419";2011;"Podravska";"55-64 let";"Moški";1830
"420";2011;"Podravska";"55-64 let";"Ženske";1891
"421";2011;"Podravska";"65 let ali veè";"Moški";4162
"422";2011;"Podravska";"65 let ali veè";"Ženske";3811
"423";2011;"Koroška";"15-24 let";"Moški";1078
"424";2011;"Koroška";"15-24 let";"Ženske";951
"425";2011;"Koroška";"25-34 let";"Moški";1306
"426";2011;"Koroška";"25-34 let";"Ženske";1194
"427";2011;"Koroška";"35-44 let";"Moški";1536
"428";2011;"Koroška";"35-44 let";"Ženske";1437
"429";2011;"Koroška";"45-54 let";"Moški";1582
"430";2011;"Koroška";"45-54 let";"Ženske";1523
"431";2011;"Koroška";"55-64 let";"Moški";1786
"432";2011;"Koroška";"55-64 let";"Ženske";1918
"433";2011;"Koroška";"65 let ali veè";"Moški";3768
"434";2011;"Savinjska";"15-24 let";"Moški";1037
"435";2011;"Savinjska";"15-24 let";"Ženske";994
"436";2011;"Savinjska";"25-34 let";"Moški";1329
"437";2011;"Savinjska";"25-34 let";"Ženske";1248
"438";2011;"Savinjska";"35-44 let";"Moški";1548
"439";2011;"Savinjska";"35-44 let";"Ženske";1401
"440";2011;"Savinjska";"45-54 let";"Moški";1612
"441";2011;"Savinjska";"45-54 let";"Ženske";1463
"442";2011;"Savinjska";"55-64 let";"Moški";1822
"443";2011;"Savinjska";"55-64 let";"Ženske";1826
"444";2011;"Savinjska";"65 let ali veè";"Moški";3863
"445";2011;"Zasavska";"15-24 let";"Moški";1040
"446";2011;"Zasavska";"15-24 let";"Ženske";960
"447";2011;"Zasavska";"25-34 let";"Moški";1319
"448";2011;"Zasavska";"25-34 let";"Ženske";1272
"449";2011;"Zasavska";"35-44 let";"Moški";1627
"450";2011;"Zasavska";"35-44 let";"Ženske";1425
"451";2011;"Zasavska";"45-54 let";"Moški";1629
"452";2011;"Zasavska";"45-54 let";"Ženske";1462
"453";2011;"Zasavska";"55-64 let";"Moški";1825
"454";2011;"Zasavska";"55-64 let";"Ženske";1795
"455";2011;"Posavska";"15-24 let";"Moški";1064
"456";2011;"Posavska";"15-24 let";"Ženske";1000
"457";2011;"Posavska";"25-34 let";"Moški";1341
"458";2011;"Posavska";"25-34 let";"Ženske";1310
"459";2011;"Posavska";"35-44 let";"Moški";1526
"460";2011;"Posavska";"35-44 let";"Ženske";1425
"461";2011;"Posavska";"45-54 let";"Moški";1616
"462";2011;"Posavska";"45-54 let";"Ženske";1479
"463";2011;"Posavska";"55-64 let";"Moški";1901
"464";2011;"Posavska";"55-64 let";"Ženske";1879
"465";2011;"Posavska";"65 let ali veè";"Moški";3877
"466";2011;"Jugovzhodna Slovenija";"15-24 let";"Moški";1049
"467";2011;"Jugovzhodna Slovenija";"15-24 let";"Ženske";1069
"468";2011;"Jugovzhodna Slovenija";"25-34 let";"Moški";1382
"469";2011;"Jugovzhodna Slovenija";"25-34 let";"Ženske";1327
"470";2011;"Jugovzhodna Slovenija";"35-44 let";"Moški";1563
"471";2011;"Jugovzhodna Slovenija";"35-44 let";"Ženske";1516
"472";2011;"Jugovzhodna Slovenija";"45-54 let";"Moški";1648
"473";2011;"Jugovzhodna Slovenija";"45-54 let";"Ženske";1599
"474";2011;"Jugovzhodna Slovenija";"55-64 let";"Moški";1798
"475";2011;"Jugovzhodna Slovenija";"55-64 let";"Ženske";2101
"476";2011;"Jugovzhodna Slovenija";"65 let ali veè";"Moški";4144
"477";2011;"Osrednjeslovenska";"15-24 let";"Moški";1044
"478";2011;"Osrednjeslovenska";"15-24 let";"Ženske";1011
"479";2011;"Osrednjeslovenska";"25-34 let";"Moški";1499
"480";2011;"Osrednjeslovenska";"25-34 let";"Ženske";1436
"481";2011;"Osrednjeslovenska";"35-44 let";"Moški";1907
"482";2011;"Osrednjeslovenska";"35-44 let";"Ženske";1783
"483";2011;"Osrednjeslovenska";"45-54 let";"Moški";1900
"484";2011;"Osrednjeslovenska";"45-54 let";"Ženske";1804
"485";2011;"Osrednjeslovenska";"55-64 let";"Moški";2164
"486";2011;"Osrednjeslovenska";"55-64 let";"Ženske";2206
"487";2011;"Osrednjeslovenska";"65 let ali veè";"Moški";4228
"488";2011;"Osrednjeslovenska";"65 let ali veè";"Ženske";3048
"489";2011;"Gorenjska";"15-24 let";"Moški";1058
"490";2011;"Gorenjska";"15-24 let";"Ženske";986
"491";2011;"Gorenjska";"25-34 let";"Moški";1418
"492";2011;"Gorenjska";"25-34 let";"Ženske";1305
"493";2011;"Gorenjska";"35-44 let";"Moški";1728
"494";2011;"Gorenjska";"35-44 let";"Ženske";1541
"495";2011;"Gorenjska";"45-54 let";"Moški";1723
"496";2011;"Gorenjska";"45-54 let";"Ženske";1555
"497";2011;"Gorenjska";"55-64 let";"Moški";1858
"498";2011;"Gorenjska";"55-64 let";"Ženske";1968
"499";2011;"Gorenjska";"65 let ali veè";"Moški";3657
"500";2011;"Primorsko-notranjska";"15-24 let";"Moški";996
"501";2011;"Primorsko-notranjska";"15-24 let";"Ženske";986
"502";2011;"Primorsko-notranjska";"25-34 let";"Moški";1306
"503";2011;"Primorsko-notranjska";"25-34 let";"Ženske";1286
"504";2011;"Primorsko-notranjska";"35-44 let";"Moški";1517
"505";2011;"Primorsko-notranjska";"35-44 let";"Ženske";1394
"506";2011;"Primorsko-notranjska";"45-54 let";"Moški";1549
"507";2011;"Primorsko-notranjska";"45-54 let";"Ženske";1480
"508";2011;"Primorsko-notranjska";"55-64 let";"Moški";1751
"509";2011;"Primorsko-notranjska";"55-64 let";"Ženske";1768
"510";2011;"Primorsko-notranjska";"65 let ali veè";"Moški";3152
"511";2011;"Goriška";"15-24 let";"Moški";1004
"512";2011;"Goriška";"15-24 let";"Ženske";950
"513";2011;"Goriška";"25-34 let";"Moški";1325
"514";2011;"Goriška";"25-34 let";"Ženske";1273
"515";2011;"Goriška";"35-44 let";"Moški";1633
"516";2011;"Goriška";"35-44 let";"Ženske";1462
"517";2011;"Goriška";"45-54 let";"Moški";1705
"518";2011;"Goriška";"45-54 let";"Ženske";1547
"519";2011;"Goriška";"55-64 let";"Moški";1952
"520";2011;"Goriška";"55-64 let";"Ženske";1959
"521";2011;"Goriška";"65 let ali veè";"Moški";4052
"522";2011;"Obalno-kraška";"15-24 let";"Moški";1022
"523";2011;"Obalno-kraška";"15-24 let";"Ženske";971
"524";2011;"Obalno-kraška";"25-34 let";"Moški";1370
"525";2011;"Obalno-kraška";"25-34 let";"Ženske";1310
"526";2011;"Obalno-kraška";"35-44 let";"Moški";1719
"527";2011;"Obalno-kraška";"35-44 let";"Ženske";1571
"528";2011;"Obalno-kraška";"45-54 let";"Moški";1779
"529";2011;"Obalno-kraška";"45-54 let";"Ženske";1618
"530";2011;"Obalno-kraška";"55-64 let";"Moški";1923
"531";2011;"Obalno-kraška";"55-64 let";"Ženske";1875
"532";2011;"Obalno-kraška";"65 let ali veè";"Moški";3836
"533";2011;"Obalno-kraška";"65 let ali veè";"Ženske";3535
"534";2012;"Pomurska";"15-24 let";"Moški";996
"535";2012;"Pomurska";"15-24 let";"Ženske";938
"536";2012;"Pomurska";"25-34 let";"Moški";1264
"537";2012;"Pomurska";"25-34 let";"Ženske";1226
"538";2012;"Pomurska";"35-44 let";"Moški";1454
"539";2012;"Pomurska";"35-44 let";"Ženske";1352
"540";2012;"Pomurska";"45-54 let";"Moški";1510
"541";2012;"Pomurska";"45-54 let";"Ženske";1426
"542";2012;"Pomurska";"55-64 let";"Moški";1653
"543";2012;"Pomurska";"55-64 let";"Ženske";1779
"544";2012;"Podravska";"15-24 let";"Moški";1009
"545";2012;"Podravska";"15-24 let";"Ženske";959
"546";2012;"Podravska";"25-34 let";"Moški";1323
"547";2012;"Podravska";"25-34 let";"Ženske";1272
"548";2012;"Podravska";"35-44 let";"Moški";1600
"549";2012;"Podravska";"35-44 let";"Ženske";1461
"550";2012;"Podravska";"45-54 let";"Moški";1622
"551";2012;"Podravska";"45-54 let";"Ženske";1528
"552";2012;"Podravska";"55-64 let";"Moški";1821
"553";2012;"Podravska";"55-64 let";"Ženske";1879
"554";2012;"Podravska";"65 let ali veè";"Moški";3976
"555";2012;"Podravska";"65 let ali veè";"Ženske";4028
"556";2012;"Koroška";"15-24 let";"Moški";1077
"557";2012;"Koroška";"15-24 let";"Ženske";980
"558";2012;"Koroška";"25-34 let";"Moški";1316
"559";2012;"Koroška";"25-34 let";"Ženske";1204
"560";2012;"Koroška";"35-44 let";"Moški";1540
"561";2012;"Koroška";"35-44 let";"Ženske";1424
"562";2012;"Koroška";"45-54 let";"Moški";1614
"563";2012;"Koroška";"45-54 let";"Ženske";1541
"564";2012;"Koroška";"55-64 let";"Moški";1813
"565";2012;"Koroška";"55-64 let";"Ženske";1949
"566";2012;"Koroška";"65 let ali veè";"Moški";3753
"567";2012;"Savinjska";"15-24 let";"Moški";1081
"568";2012;"Savinjska";"15-24 let";"Ženske";1019
"569";2012;"Savinjska";"25-34 let";"Moški";1339
"570";2012;"Savinjska";"25-34 let";"Ženske";1258
"571";2012;"Savinjska";"35-44 let";"Moški";1585
"572";2012;"Savinjska";"35-44 let";"Ženske";1420
"573";2012;"Savinjska";"45-54 let";"Moški";1651
"574";2012;"Savinjska";"45-54 let";"Ženske";1475
"575";2012;"Savinjska";"55-64 let";"Moški";1819
"576";2012;"Savinjska";"55-64 let";"Ženske";1823
"577";2012;"Savinjska";"65 let ali veè";"Moški";3741
"578";2012;"Zasavska";"15-24 let";"Moški";1020
"579";2012;"Zasavska";"15-24 let";"Ženske";997
"580";2012;"Zasavska";"25-34 let";"Moški";1321
"581";2012;"Zasavska";"25-34 let";"Ženske";1267
"582";2012;"Zasavska";"35-44 let";"Moški";1620
"583";2012;"Zasavska";"35-44 let";"Ženske";1454
"584";2012;"Zasavska";"45-54 let";"Moški";1617
"585";2012;"Zasavska";"45-54 let";"Ženske";1448
"586";2012;"Zasavska";"55-64 let";"Moški";1884
"587";2012;"Zasavska";"55-64 let";"Ženske";1840
"588";2012;"Posavska";"15-24 let";"Moški";1101
"589";2012;"Posavska";"15-24 let";"Ženske";1005
"590";2012;"Posavska";"25-34 let";"Moški";1371
"591";2012;"Posavska";"25-34 let";"Ženske";1291
"592";2012;"Posavska";"35-44 let";"Moški";1555
"593";2012;"Posavska";"35-44 let";"Ženske";1438
"594";2012;"Posavska";"45-54 let";"Moški";1620
"595";2012;"Posavska";"45-54 let";"Ženske";1496
"596";2012;"Posavska";"55-64 let";"Moški";1927
"597";2012;"Posavska";"55-64 let";"Ženske";1862
"598";2012;"Posavska";"65 let ali veè";"Moški";3714
"599";2012;"Jugovzhodna Slovenija";"15-24 let";"Moški";1071
"600";2012;"Jugovzhodna Slovenija";"15-24 let";"Ženske";1063
"601";2012;"Jugovzhodna Slovenija";"25-34 let";"Moški";1400
"602";2012;"Jugovzhodna Slovenija";"25-34 let";"Ženske";1333
"603";2012;"Jugovzhodna Slovenija";"35-44 let";"Moški";1597
"604";2012;"Jugovzhodna Slovenija";"35-44 let";"Ženske";1554
"605";2012;"Jugovzhodna Slovenija";"45-54 let";"Moški";1703
"606";2012;"Jugovzhodna Slovenija";"45-54 let";"Ženske";1614
"607";2012;"Jugovzhodna Slovenija";"55-64 let";"Moški";1808
"608";2012;"Jugovzhodna Slovenija";"55-64 let";"Ženske";2140
"609";2012;"Jugovzhodna Slovenija";"65 let ali veè";"Moški";3888
"610";2012;"Osrednjeslovenska";"15-24 let";"Moški";1051
"611";2012;"Osrednjeslovenska";"15-24 let";"Ženske";1005
"612";2012;"Osrednjeslovenska";"25-34 let";"Moški";1507
"613";2012;"Osrednjeslovenska";"25-34 let";"Ženske";1436
"614";2012;"Osrednjeslovenska";"35-44 let";"Moški";1948
"615";2012;"Osrednjeslovenska";"35-44 let";"Ženske";1804
"616";2012;"Osrednjeslovenska";"45-54 let";"Moški";1929
"617";2012;"Osrednjeslovenska";"45-54 let";"Ženske";1815
"618";2012;"Osrednjeslovenska";"55-64 let";"Moški";2167
"619";2012;"Osrednjeslovenska";"55-64 let";"Ženske";2187
"620";2012;"Osrednjeslovenska";"65 let ali veè";"Moški";4108
"621";2012;"Osrednjeslovenska";"65 let ali veè";"Ženske";3612
"622";2012;"Gorenjska";"15-24 let";"Moški";1067
"623";2012;"Gorenjska";"15-24 let";"Ženske";993
"624";2012;"Gorenjska";"25-34 let";"Moški";1427
"625";2012;"Gorenjska";"25-34 let";"Ženske";1326
"626";2012;"Gorenjska";"35-44 let";"Moški";1766
"627";2012;"Gorenjska";"35-44 let";"Ženske";1565
"628";2012;"Gorenjska";"45-54 let";"Moški";1748
"629";2012;"Gorenjska";"45-54 let";"Ženske";1558
"630";2012;"Gorenjska";"55-64 let";"Moški";1896
"631";2012;"Gorenjska";"55-64 let";"Ženske";1964
"632";2012;"Gorenjska";"65 let ali veè";"Moški";4267
"633";2012;"Primorsko-notranjska";"15-24 let";"Moški";1043
"634";2012;"Primorsko-notranjska";"15-24 let";"Ženske";1016
"635";2012;"Primorsko-notranjska";"25-34 let";"Moški";1317
"636";2012;"Primorsko-notranjska";"25-34 let";"Ženske";1281
"637";2012;"Primorsko-notranjska";"35-44 let";"Moški";1557
"638";2012;"Primorsko-notranjska";"35-44 let";"Ženske";1435
"639";2012;"Primorsko-notranjska";"45-54 let";"Moški";1585
"640";2012;"Primorsko-notranjska";"45-54 let";"Ženske";1492
"641";2012;"Primorsko-notranjska";"55-64 let";"Moški";1744
"642";2012;"Primorsko-notranjska";"55-64 let";"Ženske";1787
"643";2012;"Primorsko-notranjska";"65 let ali veè";"Moški";3877
"644";2012;"Goriška";"15-24 let";"Moški";1029
"645";2012;"Goriška";"15-24 let";"Ženske";955
"646";2012;"Goriška";"25-34 let";"Moški";1335
"647";2012;"Goriška";"25-34 let";"Ženske";1258
"648";2012;"Goriška";"35-44 let";"Moški";1626
"649";2012;"Goriška";"35-44 let";"Ženske";1463
"650";2012;"Goriška";"45-54 let";"Moški";1686
"651";2012;"Goriška";"45-54 let";"Ženske";1544
"652";2012;"Goriška";"55-64 let";"Moški";1964
"653";2012;"Goriška";"55-64 let";"Ženske";1943
"654";2012;"Goriška";"65 let ali veè";"Moški";4096
"655";2012;"Obalno-kraška";"15-24 let";"Moški";1028
"656";2012;"Obalno-kraška";"15-24 let";"Ženske";987
"657";2012;"Obalno-kraška";"25-34 let";"Moški";1388
"658";2012;"Obalno-kraška";"25-34 let";"Ženske";1307
"659";2012;"Obalno-kraška";"35-44 let";"Moški";1743
"660";2012;"Obalno-kraška";"35-44 let";"Ženske";1576
"661";2012;"Obalno-kraška";"45-54 let";"Moški";1792
"662";2012;"Obalno-kraška";"45-54 let";"Ženske";1611
"663";2012;"Obalno-kraška";"55-64 let";"Moški";1968
"664";2012;"Obalno-kraška";"55-64 let";"Ženske";1868
"665";2012;"Obalno-kraška";"65 let ali veè";"Moški";3602
"666";2012;"Obalno-kraška";"65 let ali veè";"Ženske";3123
"667";2013;"Pomurska";"15-24 let";"Moški";1005
"668";2013;"Pomurska";"15-24 let";"Ženske";926
"669";2013;"Pomurska";"25-34 let";"Moški";1248
"670";2013;"Pomurska";"25-34 let";"Ženske";1206
"671";2013;"Pomurska";"35-44 let";"Moški";1451
"672";2013;"Pomurska";"35-44 let";"Ženske";1331
"673";2013;"Pomurska";"45-54 let";"Moški";1486
"674";2013;"Pomurska";"45-54 let";"Ženske";1400
"675";2013;"Pomurska";"55-64 let";"Moški";1626
"676";2013;"Pomurska";"55-64 let";"Ženske";1687
"677";2013;"Podravska";"15-24 let";"Moški";1024
"678";2013;"Podravska";"15-24 let";"Ženske";955
"679";2013;"Podravska";"25-34 let";"Moški";1318
"680";2013;"Podravska";"25-34 let";"Ženske";1256
"681";2013;"Podravska";"35-44 let";"Moški";1601
"682";2013;"Podravska";"35-44 let";"Ženske";1464
"683";2013;"Podravska";"45-54 let";"Moški";1631
"684";2013;"Podravska";"45-54 let";"Ženske";1517
"685";2013;"Podravska";"55-64 let";"Moški";1800
"686";2013;"Podravska";"55-64 let";"Ženske";1761
"687";2013;"Podravska";"65 let ali veè";"Moški";3596
"688";2013;"Podravska";"65 let ali veè";"Ženske";3760
"689";2013;"Koroška";"15-24 let";"Moški";1090
"690";2013;"Koroška";"15-24 let";"Ženske";910
"691";2013;"Koroška";"25-34 let";"Moški";1325
"692";2013;"Koroška";"25-34 let";"Ženske";1191
"693";2013;"Koroška";"35-44 let";"Moški";1547
"694";2013;"Koroška";"35-44 let";"Ženske";1435
"695";2013;"Koroška";"45-54 let";"Moški";1615
"696";2013;"Koroška";"45-54 let";"Ženske";1522
"697";2013;"Koroška";"55-64 let";"Moški";1816
"698";2013;"Koroška";"55-64 let";"Ženske";1859
"699";2013;"Koroška";"65 let ali veè";"Moški";3651
"700";2013;"Savinjska";"15-24 let";"Moški";1094
"701";2013;"Savinjska";"15-24 let";"Ženske";992
"702";2013;"Savinjska";"25-34 let";"Moški";1330
"703";2013;"Savinjska";"25-34 let";"Ženske";1254
"704";2013;"Savinjska";"35-44 let";"Moški";1579
"705";2013;"Savinjska";"35-44 let";"Ženske";1427
"706";2013;"Savinjska";"45-54 let";"Moški";1651
"707";2013;"Savinjska";"45-54 let";"Ženske";1465
"708";2013;"Savinjska";"55-64 let";"Moški";1808
"709";2013;"Savinjska";"55-64 let";"Ženske";1742
"710";2013;"Savinjska";"65 let ali veè";"Moški";3941
"711";2013;"Savinjska";"65 let ali veè";"Ženske";3691
"712";2013;"Zasavska";"15-24 let";"Moški";1050
"713";2013;"Zasavska";"15-24 let";"Ženske";1041
"714";2013;"Zasavska";"25-34 let";"Moški";1330
"715";2013;"Zasavska";"25-34 let";"Ženske";1263
"716";2013;"Zasavska";"35-44 let";"Moški";1601
"717";2013;"Zasavska";"35-44 let";"Ženske";1463
"718";2013;"Zasavska";"45-54 let";"Moški";1596
"719";2013;"Zasavska";"45-54 let";"Ženske";1438
"720";2013;"Zasavska";"55-64 let";"Moški";1867
"721";2013;"Zasavska";"55-64 let";"Ženske";1789
"722";2013;"Posavska";"15-24 let";"Moški";1091
"723";2013;"Posavska";"15-24 let";"Ženske";1042
"724";2013;"Posavska";"25-34 let";"Moški";1389
"725";2013;"Posavska";"25-34 let";"Ženske";1303
"726";2013;"Posavska";"35-44 let";"Moški";1534
"727";2013;"Posavska";"35-44 let";"Ženske";1440
"728";2013;"Posavska";"45-54 let";"Moški";1595
"729";2013;"Posavska";"45-54 let";"Ženske";1480
"730";2013;"Posavska";"55-64 let";"Moški";1840
"731";2013;"Posavska";"55-64 let";"Ženske";1797
"732";2013;"Posavska";"65 let ali veè";"Moški";4209
"733";2013;"Jugovzhodna Slovenija";"15-24 let";"Moški";1090
"734";2013;"Jugovzhodna Slovenija";"15-24 let";"Ženske";1114
"735";2013;"Jugovzhodna Slovenija";"25-34 let";"Moški";1393
"736";2013;"Jugovzhodna Slovenija";"25-34 let";"Ženske";1340
"737";2013;"Jugovzhodna Slovenija";"35-44 let";"Moški";1600
"738";2013;"Jugovzhodna Slovenija";"35-44 let";"Ženske";1547
"739";2013;"Jugovzhodna Slovenija";"45-54 let";"Moški";1686
"740";2013;"Jugovzhodna Slovenija";"45-54 let";"Ženske";1578
"741";2013;"Jugovzhodna Slovenija";"55-64 let";"Moški";1767
"742";2013;"Jugovzhodna Slovenija";"55-64 let";"Ženske";2013
"743";2013;"Jugovzhodna Slovenija";"65 let ali veè";"Moški";4304
"744";2013;"Osrednjeslovenska";"15-24 let";"Moški";1067
"745";2013;"Osrednjeslovenska";"15-24 let";"Ženske";1012
"746";2013;"Osrednjeslovenska";"25-34 let";"Moški";1489
"747";2013;"Osrednjeslovenska";"25-34 let";"Ženske";1423
"748";2013;"Osrednjeslovenska";"35-44 let";"Moški";1933
"749";2013;"Osrednjeslovenska";"35-44 let";"Ženske";1796
"750";2013;"Osrednjeslovenska";"45-54 let";"Moški";1938
"751";2013;"Osrednjeslovenska";"45-54 let";"Ženske";1799
"752";2013;"Osrednjeslovenska";"55-64 let";"Moški";2103
"753";2013;"Osrednjeslovenska";"55-64 let";"Ženske";2097
"754";2013;"Osrednjeslovenska";"65 let ali veè";"Moški";3885
"755";2013;"Osrednjeslovenska";"65 let ali veè";"Ženske";3638
"756";2013;"Gorenjska";"15-24 let";"Moški";1088
"757";2013;"Gorenjska";"15-24 let";"Ženske";979
"758";2013;"Gorenjska";"25-34 let";"Moški";1414
"759";2013;"Gorenjska";"25-34 let";"Ženske";1306
"760";2013;"Gorenjska";"35-44 let";"Moški";1759
"761";2013;"Gorenjska";"35-44 let";"Ženske";1553
"762";2013;"Gorenjska";"45-54 let";"Moški";1754
"763";2013;"Gorenjska";"45-54 let";"Ženske";1546
"764";2013;"Gorenjska";"55-64 let";"Moški";1868
"765";2013;"Gorenjska";"55-64 let";"Ženske";1848
"766";2013;"Gorenjska";"65 let ali veè";"Moški";3842
"767";2013;"Primorsko-notranjska";"15-24 let";"Moški";1043
"768";2013;"Primorsko-notranjska";"15-24 let";"Ženske";934
"769";2013;"Primorsko-notranjska";"25-34 let";"Moški";1325
"770";2013;"Primorsko-notranjska";"25-34 let";"Ženske";1265
"771";2013;"Primorsko-notranjska";"35-44 let";"Moški";1554
"772";2013;"Primorsko-notranjska";"35-44 let";"Ženske";1440
"773";2013;"Primorsko-notranjska";"45-54 let";"Moški";1561
"774";2013;"Primorsko-notranjska";"45-54 let";"Ženske";1489
"775";2013;"Primorsko-notranjska";"55-64 let";"Moški";1729
"776";2013;"Primorsko-notranjska";"55-64 let";"Ženske";1704
"777";2013;"Primorsko-notranjska";"65 let ali veè";"Moški";4362
"778";2013;"Goriška";"15-24 let";"Moški";1026
"779";2013;"Goriška";"15-24 let";"Ženske";927
"780";2013;"Goriška";"25-34 let";"Moški";1340
"781";2013;"Goriška";"25-34 let";"Ženske";1243
"782";2013;"Goriška";"35-44 let";"Moški";1598
"783";2013;"Goriška";"35-44 let";"Ženske";1449
"784";2013;"Goriška";"45-54 let";"Moški";1659
"785";2013;"Goriška";"45-54 let";"Ženske";1508
"786";2013;"Goriška";"55-64 let";"Moški";1878
"787";2013;"Goriška";"55-64 let";"Ženske";1838
"788";2013;"Goriška";"65 let ali veè";"Moški";3692
"789";2013;"Obalno-kraška";"15-24 let";"Moški";1036
"790";2013;"Obalno-kraška";"15-24 let";"Ženske";982
"791";2013;"Obalno-kraška";"25-34 let";"Moški";1362
"792";2013;"Obalno-kraška";"25-34 let";"Ženske";1280
"793";2013;"Obalno-kraška";"35-44 let";"Moški";1712
"794";2013;"Obalno-kraška";"35-44 let";"Ženske";1584
"795";2013;"Obalno-kraška";"45-54 let";"Moški";1812
"796";2013;"Obalno-kraška";"45-54 let";"Ženske";1618
"797";2013;"Obalno-kraška";"55-64 let";"Moški";1919
"798";2013;"Obalno-kraška";"55-64 let";"Ženske";1798
"799";2013;"Obalno-kraška";"65 let ali veè";"Moški";3564
"800";2013;"Obalno-kraška";"65 let ali veè";"Ženske";3810
"801";2014;"Pomurska";"15-24 let";"Moški";1010
"802";2014;"Pomurska";"15-24 let";"Ženske";948
"803";2014;"Pomurska";"25-34 let";"Moški";1278
"804";2014;"Pomurska";"25-34 let";"Ženske";1207
"805";2014;"Pomurska";"35-44 let";"Moški";1514
"806";2014;"Pomurska";"35-44 let";"Ženske";1390
"807";2014;"Pomurska";"45-54 let";"Moški";1555
"808";2014;"Pomurska";"45-54 let";"Ženske";1498
"809";2014;"Pomurska";"55-64 let";"Moški";1674
"810";2014;"Pomurska";"55-64 let";"Ženske";1735
"811";2014;"Pomurska";"65 let ali veè";"Moški";3820
"812";2014;"Podravska";"15-24 let";"Moški";1055
"813";2014;"Podravska";"15-24 let";"Ženske";950
"814";2014;"Podravska";"25-34 let";"Moški";1346
"815";2014;"Podravska";"25-34 let";"Ženske";1263
"816";2014;"Podravska";"35-44 let";"Moški";1624
"817";2014;"Podravska";"35-44 let";"Ženske";1483
"818";2014;"Podravska";"45-54 let";"Moški";1681
"819";2014;"Podravska";"45-54 let";"Ženske";1545
"820";2014;"Podravska";"55-64 let";"Moški";1787
"821";2014;"Podravska";"55-64 let";"Ženske";1754
"822";2014;"Podravska";"65 let ali veè";"Moški";3666
"823";2014;"Podravska";"65 let ali veè";"Ženske";3379
"824";2014;"Koroška";"15-24 let";"Moški";1138
"825";2014;"Koroška";"15-24 let";"Ženske";878
"826";2014;"Koroška";"25-34 let";"Moški";1359
"827";2014;"Koroška";"25-34 let";"Ženske";1202
"828";2014;"Koroška";"35-44 let";"Moški";1584
"829";2014;"Koroška";"35-44 let";"Ženske";1443
"830";2014;"Koroška";"45-54 let";"Moški";1666
"831";2014;"Koroška";"45-54 let";"Ženske";1551
"832";2014;"Koroška";"55-64 let";"Moški";1814
"833";2014;"Koroška";"55-64 let";"Ženske";1818
"834";2014;"Koroška";"65 let ali veè";"Moški";4235
"835";2014;"Savinjska";"15-24 let";"Moški";1122
"836";2014;"Savinjska";"15-24 let";"Ženske";995
"837";2014;"Savinjska";"25-34 let";"Moški";1362
"838";2014;"Savinjska";"25-34 let";"Ženske";1270
"839";2014;"Savinjska";"35-44 let";"Moški";1629
"840";2014;"Savinjska";"35-44 let";"Ženske";1464
"841";2014;"Savinjska";"45-54 let";"Moški";1690
"842";2014;"Savinjska";"45-54 let";"Ženske";1498
"843";2014;"Savinjska";"55-64 let";"Moški";1823
"844";2014;"Savinjska";"55-64 let";"Ženske";1713
"845";2014;"Savinjska";"65 let ali veè";"Moški";3513
"846";2014;"Savinjska";"65 let ali veè";"Ženske";3329
"847";2014;"Zasavska";"15-24 let";"Moški";1041
"848";2014;"Zasavska";"15-24 let";"Ženske";982
"849";2014;"Zasavska";"25-34 let";"Moški";1370
"850";2014;"Zasavska";"25-34 let";"Ženske";1281
"851";2014;"Zasavska";"35-44 let";"Moški";1631
"852";2014;"Zasavska";"35-44 let";"Ženske";1490
"853";2014;"Zasavska";"45-54 let";"Moški";1615
"854";2014;"Zasavska";"45-54 let";"Ženske";1463
"855";2014;"Zasavska";"55-64 let";"Moški";1816
"856";2014;"Zasavska";"55-64 let";"Ženske";1742
"857";2014;"Posavska";"15-24 let";"Moški";1104
"858";2014;"Posavska";"15-24 let";"Ženske";1143
"859";2014;"Posavska";"25-34 let";"Moški";1432
"860";2014;"Posavska";"25-34 let";"Ženske";1318
"861";2014;"Posavska";"35-44 let";"Moški";1591
"862";2014;"Posavska";"35-44 let";"Ženske";1482
"863";2014;"Posavska";"45-54 let";"Moški";1640
"864";2014;"Posavska";"45-54 let";"Ženske";1507
"865";2014;"Posavska";"55-64 let";"Moški";1857
"866";2014;"Posavska";"55-64 let";"Ženske";1803
"867";2014;"Posavska";"65 let ali veè";"Moški";3793
"868";2014;"Jugovzhodna Slovenija";"15-24 let";"Moški";1130
"869";2014;"Jugovzhodna Slovenija";"15-24 let";"Ženske";1186
"870";2014;"Jugovzhodna Slovenija";"25-34 let";"Moški";1447
"871";2014;"Jugovzhodna Slovenija";"25-34 let";"Ženske";1378
"872";2014;"Jugovzhodna Slovenija";"35-44 let";"Moški";1671
"873";2014;"Jugovzhodna Slovenija";"35-44 let";"Ženske";1592
"874";2014;"Jugovzhodna Slovenija";"45-54 let";"Moški";1728
"875";2014;"Jugovzhodna Slovenija";"45-54 let";"Ženske";1635
"876";2014;"Jugovzhodna Slovenija";"55-64 let";"Moški";1824
"877";2014;"Jugovzhodna Slovenija";"55-64 let";"Ženske";1996
"878";2014;"Jugovzhodna Slovenija";"65 let ali veè";"Moški";3736
"879";2014;"Osrednjeslovenska";"15-24 let";"Moški";1112
"880";2014;"Osrednjeslovenska";"15-24 let";"Ženske";1006
"881";2014;"Osrednjeslovenska";"25-34 let";"Moški";1506
"882";2014;"Osrednjeslovenska";"25-34 let";"Ženske";1434
"883";2014;"Osrednjeslovenska";"35-44 let";"Moški";1946
"884";2014;"Osrednjeslovenska";"35-44 let";"Ženske";1828
"885";2014;"Osrednjeslovenska";"45-54 let";"Moški";1964
"886";2014;"Osrednjeslovenska";"45-54 let";"Ženske";1843
"887";2014;"Osrednjeslovenska";"55-64 let";"Moški";2081
"888";2014;"Osrednjeslovenska";"55-64 let";"Ženske";2089
"889";2014;"Osrednjeslovenska";"65 let ali veè";"Moški";3665
"890";2014;"Osrednjeslovenska";"65 let ali veè";"Ženske";3426
"891";2014;"Gorenjska";"15-24 let";"Moški";1134
"892";2014;"Gorenjska";"15-24 let";"Ženske";1004
"893";2014;"Gorenjska";"25-34 let";"Moški";1438
"894";2014;"Gorenjska";"25-34 let";"Ženske";1318
"895";2014;"Gorenjska";"35-44 let";"Moški";1791
"896";2014;"Gorenjska";"35-44 let";"Ženske";1586
"897";2014;"Gorenjska";"45-54 let";"Moški";1822
"898";2014;"Gorenjska";"45-54 let";"Ženske";1577
"899";2014;"Gorenjska";"55-64 let";"Moški";1860
"900";2014;"Gorenjska";"55-64 let";"Ženske";1840
"901";2014;"Gorenjska";"65 let ali veè";"Moški";3341
"902";2014;"Primorsko-notranjska";"15-24 let";"Moški";1042
"903";2014;"Primorsko-notranjska";"15-24 let";"Ženske";979
"904";2014;"Primorsko-notranjska";"25-34 let";"Moški";1355
"905";2014;"Primorsko-notranjska";"25-34 let";"Ženske";1269
"906";2014;"Primorsko-notranjska";"35-44 let";"Moški";1588
"907";2014;"Primorsko-notranjska";"35-44 let";"Ženske";1476
"908";2014;"Primorsko-notranjska";"45-54 let";"Moški";1619
"909";2014;"Primorsko-notranjska";"45-54 let";"Ženske";1499
"910";2014;"Primorsko-notranjska";"55-64 let";"Moški";1784
"911";2014;"Primorsko-notranjska";"55-64 let";"Ženske";1702
"912";2014;"Primorsko-notranjska";"65 let ali veè";"Moški";3388
"913";2014;"Goriška";"15-24 let";"Moški";1045
"914";2014;"Goriška";"15-24 let";"Ženske";928
"915";2014;"Goriška";"25-34 let";"Moški";1354
"916";2014;"Goriška";"25-34 let";"Ženske";1249
"917";2014;"Goriška";"35-44 let";"Moški";1650
"918";2014;"Goriška";"35-44 let";"Ženske";1492
"919";2014;"Goriška";"45-54 let";"Moški";1697
"920";2014;"Goriška";"45-54 let";"Ženske";1534
"921";2014;"Goriška";"55-64 let";"Moški";1917
"922";2014;"Goriška";"55-64 let";"Ženske";1809
"923";2014;"Goriška";"65 let ali veè";"Moški";3321
"924";2014;"Obalno-kraška";"15-24 let";"Moški";1084
"925";2014;"Obalno-kraška";"15-24 let";"Ženske";992
"926";2014;"Obalno-kraška";"25-34 let";"Moški";1382
"927";2014;"Obalno-kraška";"25-34 let";"Ženske";1291
"928";2014;"Obalno-kraška";"35-44 let";"Moški";1773
"929";2014;"Obalno-kraška";"35-44 let";"Ženske";1603
"930";2014;"Obalno-kraška";"45-54 let";"Moški";1854
"931";2014;"Obalno-kraška";"45-54 let";"Ženske";1649
"932";2014;"Obalno-kraška";"55-64 let";"Moški";1953
"933";2014;"Obalno-kraška";"55-64 let";"Ženske";1827
"934";2014;"Obalno-kraška";"65 let ali veè";"Moški";3448
"935";2014;"Obalno-kraška";"65 let ali veè";"Ženske";4068
"936";2015;"Pomurska";"25-34 let";"Moški";1293
"937";2015;"Pomurska";"25-34 let";"Ženske";1215
"938";2015;"Pomurska";"35-44 let";"Moški";1520
"939";2015;"Pomurska";"35-44 let";"Ženske";1400
"940";2015;"Pomurska";"45-54 let";"Moški";1561
"941";2015;"Pomurska";"45-54 let";"Ženske";1478
"942";2015;"Pomurska";"55-64 let";"Moški";1655
"943";2015;"Pomurska";"55-64 let";"Ženske";1702
"944";2015;"Podravska";"15-24 let";"Moški";1072
"945";2015;"Podravska";"15-24 let";"Ženske";965
"946";2015;"Podravska";"25-34 let";"Moški";1348
"947";2015;"Podravska";"25-34 let";"Ženske";1246
"948";2015;"Podravska";"35-44 let";"Moški";1634
"949";2015;"Podravska";"35-44 let";"Ženske";1484
"950";2015;"Podravska";"45-54 let";"Moški";1695
"951";2015;"Podravska";"45-54 let";"Ženske";1539
"952";2015;"Podravska";"55-64 let";"Moški";1799
"953";2015;"Podravska";"55-64 let";"Ženske";1762
"954";2015;"Podravska";"65 let ali veè";"Moški";3733
"955";2015;"Podravska";"65 let ali veè";"Ženske";3381
"956";2015;"Koroška";"25-34 let";"Moški";1397
"957";2015;"Koroška";"25-34 let";"Ženske";1232
"958";2015;"Koroška";"35-44 let";"Moški";1622
"959";2015;"Koroška";"35-44 let";"Ženske";1455
"960";2015;"Koroška";"45-54 let";"Moški";1702
"961";2015;"Koroška";"45-54 let";"Ženske";1553
"962";2015;"Koroška";"55-64 let";"Moški";1857
"963";2015;"Koroška";"55-64 let";"Ženske";1823
"964";2015;"Savinjska";"15-24 let";"Moški";1130
"965";2015;"Savinjska";"15-24 let";"Ženske";952
"966";2015;"Savinjska";"25-34 let";"Moški";1372
"967";2015;"Savinjska";"25-34 let";"Ženske";1276
"968";2015;"Savinjska";"35-44 let";"Moški";1644
"969";2015;"Savinjska";"35-44 let";"Ženske";1479
"970";2015;"Savinjska";"45-54 let";"Moški";1696
"971";2015;"Savinjska";"45-54 let";"Ženske";1499
"972";2015;"Savinjska";"55-64 let";"Moški";1848
"973";2015;"Savinjska";"55-64 let";"Ženske";1718
"974";2015;"Savinjska";"65 let ali veè";"Moški";3361
"975";2015;"Savinjska";"65 let ali veè";"Ženske";2997
"976";2015;"Zasavska";"25-34 let";"Moški";1367
"977";2015;"Zasavska";"25-34 let";"Ženske";1289
"978";2015;"Zasavska";"35-44 let";"Moški";1633
"979";2015;"Zasavska";"35-44 let";"Ženske";1506
"980";2015;"Zasavska";"45-54 let";"Moški";1629
"981";2015;"Zasavska";"45-54 let";"Ženske";1492
"982";2015;"Zasavska";"55-64 let";"Moški";1731
"983";2015;"Zasavska";"55-64 let";"Ženske";1697
"984";2015;"Posavska";"25-34 let";"Moški";1446
"985";2015;"Posavska";"25-34 let";"Ženske";1301
"986";2015;"Posavska";"35-44 let";"Moški";1612
"987";2015;"Posavska";"35-44 let";"Ženske";1486
"988";2015;"Posavska";"45-54 let";"Moški";1656
"989";2015;"Posavska";"45-54 let";"Ženske";1508
"990";2015;"Posavska";"55-64 let";"Moški";1825
"991";2015;"Posavska";"55-64 let";"Ženske";1743
"992";2015;"Jugovzhodna Slovenija";"25-34 let";"Moški";1472
"993";2015;"Jugovzhodna Slovenija";"25-34 let";"Ženske";1393
"994";2015;"Jugovzhodna Slovenija";"35-44 let";"Moški";1691
"995";2015;"Jugovzhodna Slovenija";"35-44 let";"Ženske";1592
"996";2015;"Jugovzhodna Slovenija";"45-54 let";"Moški";1732
"997";2015;"Jugovzhodna Slovenija";"45-54 let";"Ženske";1647
"998";2015;"Jugovzhodna Slovenija";"55-64 let";"Moški";1865
"999";2015;"Jugovzhodna Slovenija";"55-64 let";"Ženske";1934
"1000";2015;"Osrednjeslovenska";"15-24 let";"Moški";1133
"1001";2015;"Osrednjeslovenska";"15-24 let";"Ženske";1027
"1002";2015;"Osrednjeslovenska";"25-34 let";"Moški";1511
"1003";2015;"Osrednjeslovenska";"25-34 let";"Ženske";1433
"1004";2015;"Osrednjeslovenska";"35-44 let";"Moški";1983
"1005";2015;"Osrednjeslovenska";"35-44 let";"Ženske";1840
"1006";2015;"Osrednjeslovenska";"45-54 let";"Moški";2004
"1007";2015;"Osrednjeslovenska";"45-54 let";"Ženske";1870
"1008";2015;"Osrednjeslovenska";"55-64 let";"Moški";2086
"1009";2015;"Osrednjeslovenska";"55-64 let";"Ženske";2070
"1010";2015;"Osrednjeslovenska";"65 let ali veè";"Moški";3636
"1011";2015;"Osrednjeslovenska";"65 let ali veè";"Ženske";3443
"1012";2015;"Gorenjska";"15-24 let";"Moški";1150
"1013";2015;"Gorenjska";"15-24 let";"Ženske";1003
"1014";2015;"Gorenjska";"25-34 let";"Moški";1446
"1015";2015;"Gorenjska";"25-34 let";"Ženske";1313
"1016";2015;"Gorenjska";"35-44 let";"Moški";1814
"1017";2015;"Gorenjska";"35-44 let";"Ženske";1586
"1018";2015;"Gorenjska";"45-54 let";"Moški";1853
"1019";2015;"Gorenjska";"45-54 let";"Ženske";1597
"1020";2015;"Gorenjska";"55-64 let";"Moški";1913
"1021";2015;"Gorenjska";"55-64 let";"Ženske";1792
"1022";2015;"Gorenjska";"65 let ali veè";"Moški";3360
"1023";2015;"Gorenjska";"65 let ali veè";"Ženske";3362
"1024";2015;"Primorsko-notranjska";"25-34 let";"Moški";1379
"1025";2015;"Primorsko-notranjska";"25-34 let";"Ženske";1262
"1026";2015;"Primorsko-notranjska";"35-44 let";"Moški";1642
"1027";2015;"Primorsko-notranjska";"35-44 let";"Ženske";1489
"1028";2015;"Primorsko-notranjska";"45-54 let";"Moški";1635
"1029";2015;"Primorsko-notranjska";"45-54 let";"Ženske";1516
"1030";2015;"Primorsko-notranjska";"55-64 let";"Moški";1799
"1031";2015;"Primorsko-notranjska";"55-64 let";"Ženske";1671
"1032";2015;"Goriška";"25-34 let";"Moški";1363
"1033";2015;"Goriška";"25-34 let";"Ženske";1241
"1034";2015;"Goriška";"35-44 let";"Moški";1646
"1035";2015;"Goriška";"35-44 let";"Ženske";1485
"1036";2015;"Goriška";"45-54 let";"Moški";1707
"1037";2015;"Goriška";"45-54 let";"Ženske";1524
"1038";2015;"Goriška";"55-64 let";"Moški";1909
"1039";2015;"Goriška";"55-64 let";"Ženske";1785
"1040";2015;"Obalno-kraška";"15-24 let";"Moški";1096
"1041";2015;"Obalno-kraška";"15-24 let";"Ženske";1009
"1042";2015;"Obalno-kraška";"25-34 let";"Moški";1380
"1043";2015;"Obalno-kraška";"25-34 let";"Ženske";1285
"1044";2015;"Obalno-kraška";"35-44 let";"Moški";1779
"1045";2015;"Obalno-kraška";"35-44 let";"Ženske";1615
"1046";2015;"Obalno-kraška";"45-54 let";"Moški";1867
"1047";2015;"Obalno-kraška";"45-54 let";"Ženske";1652
"1048";2015;"Obalno-kraška";"55-64 let";"Moški";1987
"1049";2015;"Obalno-kraška";"55-64 let";"Ženske";1824
"1050";2015;"Obalno-kraška";"65 let ali veè";"Moški";3333
"1051";2015;"Obalno-kraška";"65 let ali veè";"Ženske";3870
"1052";2016;"Pomurska";"25-34 let";"Moški";1326
"1053";2016;"Pomurska";"25-34 let";"Ženske";1225
"1054";2016;"Pomurska";"35-44 let";"Moški";1570
"1055";2016;"Pomurska";"35-44 let";"Ženske";1400
"1056";2016;"Pomurska";"45-54 let";"Moški";1609
"1057";2016;"Pomurska";"45-54 let";"Ženske";1436
"1058";2016;"Pomurska";"55-64 let";"Moški";1709
"1059";2016;"Pomurska";"55-64 let";"Ženske";1714
"1060";2016;"Podravska";"15-24 let";"Moški";1113
"1061";2016;"Podravska";"15-24 let";"Ženske";966
"1062";2016;"Podravska";"25-34 let";"Moški";1371
"1063";2016;"Podravska";"25-34 let";"Ženske";1276
"1064";2016;"Podravska";"35-44 let";"Moški";1666
"1065";2016;"Podravska";"35-44 let";"Ženske";1517
"1066";2016;"Podravska";"45-54 let";"Moški";1739
"1067";2016;"Podravska";"45-54 let";"Ženske";1564
"1068";2016;"Podravska";"55-64 let";"Moški";1794
"1069";2016;"Podravska";"55-64 let";"Ženske";1747
"1070";2016;"Podravska";"65 let ali veè";"Moški";3670
"1071";2016;"Podravska";"65 let ali veè";"Ženske";3312
"1072";2016;"Koroška";"25-34 let";"Moški";1432
"1073";2016;"Koroška";"25-34 let";"Ženske";1256
"1074";2016;"Koroška";"35-44 let";"Moški";1659
"1075";2016;"Koroška";"35-44 let";"Ženske";1480
"1076";2016;"Koroška";"45-54 let";"Moški";1754
"1077";2016;"Koroška";"45-54 let";"Ženske";1574
"1078";2016;"Koroška";"55-64 let";"Moški";1897
"1079";2016;"Koroška";"55-64 let";"Ženske";1811
"1080";2016;"Savinjska";"15-24 let";"Moški";1122
"1081";2016;"Savinjska";"15-24 let";"Ženske";993
"1082";2016;"Savinjska";"25-34 let";"Moški";1388
"1083";2016;"Savinjska";"25-34 let";"Ženske";1293
"1084";2016;"Savinjska";"35-44 let";"Moški";1663
"1085";2016;"Savinjska";"35-44 let";"Ženske";1517
"1086";2016;"Savinjska";"45-54 let";"Moški";1724
"1087";2016;"Savinjska";"45-54 let";"Ženske";1530
"1088";2016;"Savinjska";"55-64 let";"Moški";1858
"1089";2016;"Savinjska";"55-64 let";"Ženske";1725
"1090";2016;"Savinjska";"65 let ali veè";"Moški";3177
"1091";2016;"Savinjska";"65 let ali veè";"Ženske";3237
"1092";2016;"Zasavska";"25-34 let";"Moški";1403
"1093";2016;"Zasavska";"25-34 let";"Ženske";1289
"1094";2016;"Zasavska";"35-44 let";"Moški";1642
"1095";2016;"Zasavska";"35-44 let";"Ženske";1550
"1096";2016;"Zasavska";"45-54 let";"Moški";1680
"1097";2016;"Zasavska";"45-54 let";"Ženske";1535
"1098";2016;"Zasavska";"55-64 let";"Moški";1771
"1099";2016;"Zasavska";"55-64 let";"Ženske";1709
"1100";2016;"Posavska";"25-34 let";"Moški";1497
"1101";2016;"Posavska";"25-34 let";"Ženske";1321
"1102";2016;"Posavska";"35-44 let";"Moški";1650
"1103";2016;"Posavska";"35-44 let";"Ženske";1519
"1104";2016;"Posavska";"45-54 let";"Moški";1705
"1105";2016;"Posavska";"45-54 let";"Ženske";1546
"1106";2016;"Posavska";"55-64 let";"Moški";1875
"1107";2016;"Posavska";"55-64 let";"Ženske";1753
"1108";2016;"Jugovzhodna Slovenija";"25-34 let";"Moški";1484
"1109";2016;"Jugovzhodna Slovenija";"25-34 let";"Ženske";1405
"1110";2016;"Jugovzhodna Slovenija";"35-44 let";"Moški";1739
"1111";2016;"Jugovzhodna Slovenija";"35-44 let";"Ženske";1631
"1112";2016;"Jugovzhodna Slovenija";"45-54 let";"Moški";1761
"1113";2016;"Jugovzhodna Slovenija";"45-54 let";"Ženske";1668
"1114";2016;"Jugovzhodna Slovenija";"55-64 let";"Moški";1890
"1115";2016;"Jugovzhodna Slovenija";"55-64 let";"Ženske";1936
"1116";2016;"Osrednjeslovenska";"15-24 let";"Moški";1149
"1117";2016;"Osrednjeslovenska";"15-24 let";"Ženske";1051
"1118";2016;"Osrednjeslovenska";"25-34 let";"Moški";1526
"1119";2016;"Osrednjeslovenska";"25-34 let";"Ženske";1433
"1120";2016;"Osrednjeslovenska";"35-44 let";"Moški";1994
"1121";2016;"Osrednjeslovenska";"35-44 let";"Ženske";1859
"1122";2016;"Osrednjeslovenska";"45-54 let";"Moški";2053
"1123";2016;"Osrednjeslovenska";"45-54 let";"Ženske";1923
"1124";2016;"Osrednjeslovenska";"55-64 let";"Moški";2100
"1125";2016;"Osrednjeslovenska";"55-64 let";"Ženske";2085
"1126";2016;"Osrednjeslovenska";"65 let ali veè";"Moški";3637
"1127";2016;"Osrednjeslovenska";"65 let ali veè";"Ženske";3437
"1128";2016;"Gorenjska";"15-24 let";"Moški";1182
"1129";2016;"Gorenjska";"15-24 let";"Ženske";1026
"1130";2016;"Gorenjska";"25-34 let";"Moški";1468
"1131";2016;"Gorenjska";"25-34 let";"Ženske";1323
"1132";2016;"Gorenjska";"35-44 let";"Moški";1855
"1133";2016;"Gorenjska";"35-44 let";"Ženske";1630
"1134";2016;"Gorenjska";"45-54 let";"Moški";1920
"1135";2016;"Gorenjska";"45-54 let";"Ženske";1652
"1136";2016;"Gorenjska";"55-64 let";"Moški";1944
"1137";2016;"Gorenjska";"55-64 let";"Ženske";1832
"1138";2016;"Gorenjska";"65 let ali veè";"Moški";3683
"1139";2016;"Gorenjska";"65 let ali veè";"Ženske";3287
"1140";2016;"Primorsko-notranjska";"25-34 let";"Moški";1395
"1141";2016;"Primorsko-notranjska";"25-34 let";"Ženske";1288
"1142";2016;"Primorsko-notranjska";"35-44 let";"Moški";1664
"1143";2016;"Primorsko-notranjska";"35-44 let";"Ženske";1530
"1144";2016;"Primorsko-notranjska";"45-54 let";"Moški";1699
"1145";2016;"Primorsko-notranjska";"45-54 let";"Ženske";1543
"1146";2016;"Primorsko-notranjska";"55-64 let";"Moški";1781
"1147";2016;"Primorsko-notranjska";"55-64 let";"Ženske";1739
"1148";2016;"Goriška";"25-34 let";"Moški";1393
"1149";2016;"Goriška";"25-34 let";"Ženske";1278
"1150";2016;"Goriška";"35-44 let";"Moški";1687
"1151";2016;"Goriška";"35-44 let";"Ženske";1540
"1152";2016;"Goriška";"45-54 let";"Moški";1781
"1153";2016;"Goriška";"45-54 let";"Ženske";1572
"1154";2016;"Goriška";"55-64 let";"Moški";1917
"1155";2016;"Goriška";"55-64 let";"Ženske";1829
"1156";2016;"Obalno-kraška";"15-24 let";"Moški";1082
"1157";2016;"Obalno-kraška";"15-24 let";"Ženske";991
"1158";2016;"Obalno-kraška";"25-34 let";"Moški";1415
"1159";2016;"Obalno-kraška";"25-34 let";"Ženske";1295
"1160";2016;"Obalno-kraška";"35-44 let";"Moški";1814
"1161";2016;"Obalno-kraška";"35-44 let";"Ženske";1620
"1162";2016;"Obalno-kraška";"45-54 let";"Moški";1934
"1163";2016;"Obalno-kraška";"45-54 let";"Ženske";1712
"1164";2016;"Obalno-kraška";"55-64 let";"Moški";2002
"1165";2016;"Obalno-kraška";"55-64 let";"Ženske";1841
"1166";2016;"Obalno-kraška";"65 let ali veè";"Moški";3141
"1167";2016;"Obalno-kraška";"65 let ali veè";"Ženske";2904
"1168";2017;"Pomurska";"25-34 let";"Moški";1359
"1169";2017;"Pomurska";"25-34 let";"Ženske";1245
"1170";2017;"Pomurska";"35-44 let";"Moški";1620
"1171";2017;"Pomurska";"35-44 let";"Ženske";1441
"1172";2017;"Pomurska";"45-54 let";"Moški";1632
"1173";2017;"Pomurska";"45-54 let";"Ženske";1464
"1174";2017;"Pomurska";"55-64 let";"Moški";1746
"1175";2017;"Pomurska";"55-64 let";"Ženske";1714
"1176";2017;"Podravska";"15-24 let";"Moški";1143
"1177";2017;"Podravska";"15-24 let";"Ženske";1027
"1178";2017;"Podravska";"25-34 let";"Moški";1419
"1179";2017;"Podravska";"25-34 let";"Ženske";1295
"1180";2017;"Podravska";"35-44 let";"Moški";1718
"1181";2017;"Podravska";"35-44 let";"Ženske";1556
"1182";2017;"Podravska";"45-54 let";"Moški";1795
"1183";2017;"Podravska";"45-54 let";"Ženske";1611
"1184";2017;"Podravska";"55-64 let";"Moški";1846
"1185";2017;"Podravska";"55-64 let";"Ženske";1774
"1186";2017;"Podravska";"65 let ali veè";"Moški";3496
"1187";2017;"Podravska";"65 let ali veè";"Ženske";3074
"1188";2017;"Koroška";"15-24 let";"Moški";1273
"1189";2017;"Koroška";"15-24 let";"Ženske";1028
"1190";2017;"Koroška";"25-34 let";"Moški";1496
"1191";2017;"Koroška";"25-34 let";"Ženske";1267
"1192";2017;"Koroška";"35-44 let";"Moški";1732
"1193";2017;"Koroška";"35-44 let";"Ženske";1512
"1194";2017;"Koroška";"45-54 let";"Moški";1798
"1195";2017;"Koroška";"45-54 let";"Ženske";1621
"1196";2017;"Koroška";"55-64 let";"Moški";1925
"1197";2017;"Koroška";"55-64 let";"Ženske";1830
"1198";2017;"Koroška";"65 let ali veè";"Moški";3692
"1199";2017;"Koroška";"65 let ali veè";"Ženske";3438
"1200";2017;"Savinjska";"15-24 let";"Moški";1168
"1201";2017;"Savinjska";"15-24 let";"Ženske";1016
"1202";2017;"Savinjska";"25-34 let";"Moški";1435
"1203";2017;"Savinjska";"25-34 let";"Ženske";1306
"1204";2017;"Savinjska";"35-44 let";"Moški";1708
"1205";2017;"Savinjska";"35-44 let";"Ženske";1547
"1206";2017;"Savinjska";"45-54 let";"Moški";1782
"1207";2017;"Savinjska";"45-54 let";"Ženske";1573
"1208";2017;"Savinjska";"55-64 let";"Moški";1893
"1209";2017;"Savinjska";"55-64 let";"Ženske";1736
"1210";2017;"Savinjska";"65 let ali veè";"Moški";2816
"1211";2017;"Savinjska";"65 let ali veè";"Ženske";2942
"1212";2017;"Zasavska";"25-34 let";"Moški";1452
"1213";2017;"Zasavska";"25-34 let";"Ženske";1302
"1214";2017;"Zasavska";"35-44 let";"Moški";1696
"1215";2017;"Zasavska";"35-44 let";"Ženske";1567
"1216";2017;"Zasavska";"45-54 let";"Moški";1739
"1217";2017;"Zasavska";"45-54 let";"Ženske";1572
"1218";2017;"Zasavska";"55-64 let";"Moški";1780
"1219";2017;"Zasavska";"55-64 let";"Ženske";1715
"1220";2017;"Posavska";"25-34 let";"Moški";1524
"1221";2017;"Posavska";"25-34 let";"Ženske";1352
"1222";2017;"Posavska";"35-44 let";"Moški";1705
"1223";2017;"Posavska";"35-44 let";"Ženske";1527
"1224";2017;"Posavska";"45-54 let";"Moški";1748
"1225";2017;"Posavska";"45-54 let";"Ženske";1591
"1226";2017;"Posavska";"55-64 let";"Moški";1901
"1227";2017;"Posavska";"55-64 let";"Ženske";1760
"1228";2017;"Jugovzhodna Slovenija";"15-24 let";"Moški";1206
"1229";2017;"Jugovzhodna Slovenija";"15-24 let";"Ženske";1110
"1230";2017;"Jugovzhodna Slovenija";"25-34 let";"Moški";1508
"1231";2017;"Jugovzhodna Slovenija";"25-34 let";"Ženske";1413
"1232";2017;"Jugovzhodna Slovenija";"35-44 let";"Moški";1777
"1233";2017;"Jugovzhodna Slovenija";"35-44 let";"Ženske";1654
"1234";2017;"Jugovzhodna Slovenija";"45-54 let";"Moški";1804
"1235";2017;"Jugovzhodna Slovenija";"45-54 let";"Ženske";1694
"1236";2017;"Jugovzhodna Slovenija";"55-64 let";"Moški";1897
"1237";2017;"Jugovzhodna Slovenija";"55-64 let";"Ženske";1904
"1238";2017;"Jugovzhodna Slovenija";"65 let ali veè";"Moški";3176
"1239";2017;"Jugovzhodna Slovenija";"65 let ali veè";"Ženske";3782
"1240";2017;"Osrednjeslovenska";"15-24 let";"Moški";1165
"1241";2017;"Osrednjeslovenska";"15-24 let";"Ženske";1078
"1242";2017;"Osrednjeslovenska";"25-34 let";"Moški";1554
"1243";2017;"Osrednjeslovenska";"25-34 let";"Ženske";1468
"1244";2017;"Osrednjeslovenska";"35-44 let";"Moški";1995
"1245";2017;"Osrednjeslovenska";"35-44 let";"Ženske";1890
"1246";2017;"Osrednjeslovenska";"45-54 let";"Moški";2091
"1247";2017;"Osrednjeslovenska";"45-54 let";"Ženske";1969
"1248";2017;"Osrednjeslovenska";"55-64 let";"Moški";2125
"1249";2017;"Osrednjeslovenska";"55-64 let";"Ženske";2090
"1250";2017;"Osrednjeslovenska";"65 let ali veè";"Moški";3386
"1251";2017;"Osrednjeslovenska";"65 let ali veè";"Ženske";3407
"1252";2017;"Gorenjska";"15-24 let";"Moški";1211
"1253";2017;"Gorenjska";"15-24 let";"Ženske";1080
"1254";2017;"Gorenjska";"25-34 let";"Moški";1513
"1255";2017;"Gorenjska";"25-34 let";"Ženske";1360
"1256";2017;"Gorenjska";"35-44 let";"Moški";1872
"1257";2017;"Gorenjska";"35-44 let";"Ženske";1657
"1258";2017;"Gorenjska";"45-54 let";"Moški";1966
"1259";2017;"Gorenjska";"45-54 let";"Ženske";1704
"1260";2017;"Gorenjska";"55-64 let";"Moški";1963
"1261";2017;"Gorenjska";"55-64 let";"Ženske";1829
"1262";2017;"Gorenjska";"65 let ali veè";"Moški";3629
"1263";2017;"Gorenjska";"65 let ali veè";"Ženske";3363
"1264";2017;"Primorsko-notranjska";"25-34 let";"Moški";1435
"1265";2017;"Primorsko-notranjska";"25-34 let";"Ženske";1328
"1266";2017;"Primorsko-notranjska";"35-44 let";"Moški";1702
"1267";2017;"Primorsko-notranjska";"35-44 let";"Ženske";1571
"1268";2017;"Primorsko-notranjska";"45-54 let";"Moški";1751
"1269";2017;"Primorsko-notranjska";"45-54 let";"Ženske";1568
"1270";2017;"Primorsko-notranjska";"55-64 let";"Moški";1792
"1271";2017;"Primorsko-notranjska";"55-64 let";"Ženske";1783
"1272";2017;"Goriška";"15-24 let";"Moški";1142
"1273";2017;"Goriška";"15-24 let";"Ženske";1056
"1274";2017;"Goriška";"25-34 let";"Moški";1424
"1275";2017;"Goriška";"25-34 let";"Ženske";1309
"1276";2017;"Goriška";"35-44 let";"Moški";1714
"1277";2017;"Goriška";"35-44 let";"Ženske";1553
"1278";2017;"Goriška";"45-54 let";"Moški";1810
"1279";2017;"Goriška";"45-54 let";"Ženske";1612
"1280";2017;"Goriška";"55-64 let";"Moški";1926
"1281";2017;"Goriška";"55-64 let";"Ženske";1803
"1282";2017;"Goriška";"65 let ali veè";"Moški";3130
"1283";2017;"Goriška";"65 let ali veè";"Ženske";2290
"1284";2017;"Obalno-kraška";"15-24 let";"Moški";1167
"1285";2017;"Obalno-kraška";"15-24 let";"Ženske";1043
"1286";2017;"Obalno-kraška";"25-34 let";"Moški";1465
"1287";2017;"Obalno-kraška";"25-34 let";"Ženske";1323
"1288";2017;"Obalno-kraška";"35-44 let";"Moški";1825
"1289";2017;"Obalno-kraška";"35-44 let";"Ženske";1638
"1290";2017;"Obalno-kraška";"45-54 let";"Moški";1959
"1291";2017;"Obalno-kraška";"45-54 let";"Ženske";1733
"1292";2017;"Obalno-kraška";"55-64 let";"Moški";1999
"1293";2017;"Obalno-kraška";"55-64 let";"Ženske";1854
"1294";2017;"Obalno-kraška";"65 let ali veè";"Moški";3075
"1295";2017;"Obalno-kraška";"65 let ali veè";"Ženske";2916
"1296";2018;"Pomurska";"25-34 let";"Moški";1427
"1297";2018;"Pomurska";"25-34 let";"Ženske";1285
"1298";2018;"Pomurska";"35-44 let";"Moški";1698
"1299";2018;"Pomurska";"35-44 let";"Ženske";1486
"1300";2018;"Pomurska";"45-54 let";"Moški";1695
"1301";2018;"Pomurska";"45-54 let";"Ženske";1498
"1302";2018;"Pomurska";"55-64 let";"Moški";1775
"1303";2018;"Pomurska";"55-64 let";"Ženske";1734
"1304";2018;"Podravska";"15-24 let";"Moški";1216
"1305";2018;"Podravska";"15-24 let";"Ženske";1058
"1306";2018;"Podravska";"25-34 let";"Moški";1508
"1307";2018;"Podravska";"25-34 let";"Ženske";1346
"1308";2018;"Podravska";"35-44 let";"Moški";1787
"1309";2018;"Podravska";"35-44 let";"Ženske";1588
"1310";2018;"Podravska";"45-54 let";"Moški";1870
"1311";2018;"Podravska";"45-54 let";"Ženske";1653
"1312";2018;"Podravska";"55-64 let";"Moški";1890
"1313";2018;"Podravska";"55-64 let";"Ženske";1788
"1314";2018;"Podravska";"65 let ali veè";"Moški";3198
"1315";2018;"Podravska";"65 let ali veè";"Ženske";3088
"1316";2018;"Koroška";"15-24 let";"Moški";1293
"1317";2018;"Koroška";"15-24 let";"Ženske";1042
"1318";2018;"Koroška";"25-34 let";"Moški";1565
"1319";2018;"Koroška";"25-34 let";"Ženske";1322
"1320";2018;"Koroška";"35-44 let";"Moški";1809
"1321";2018;"Koroška";"35-44 let";"Ženske";1547
"1322";2018;"Koroška";"45-54 let";"Moški";1870
"1323";2018;"Koroška";"45-54 let";"Ženske";1654
"1324";2018;"Koroška";"55-64 let";"Moški";1956
"1325";2018;"Koroška";"55-64 let";"Ženske";1840
"1326";2018;"Koroška";"65 let ali veè";"Moški";3813
"1327";2018;"Koroška";"65 let ali veè";"Ženske";3540
"1328";2018;"Savinjska";"15-24 let";"Moški";1256
"1329";2018;"Savinjska";"15-24 let";"Ženske";1063
"1330";2018;"Savinjska";"25-34 let";"Moški";1502
"1331";2018;"Savinjska";"25-34 let";"Ženske";1342
"1332";2018;"Savinjska";"35-44 let";"Moški";1774
"1333";2018;"Savinjska";"35-44 let";"Ženske";1588
"1334";2018;"Savinjska";"45-54 let";"Moški";1835
"1335";2018;"Savinjska";"45-54 let";"Ženske";1612
"1336";2018;"Savinjska";"55-64 let";"Moški";1929
"1337";2018;"Savinjska";"55-64 let";"Ženske";1769
"1338";2018;"Savinjska";"65 let ali veè";"Moški";3220
"1339";2018;"Savinjska";"65 let ali veè";"Ženske";2622
"1340";2018;"Zasavska";"25-34 let";"Moški";1524
"1341";2018;"Zasavska";"25-34 let";"Ženske";1346
"1342";2018;"Zasavska";"35-44 let";"Moški";1777
"1343";2018;"Zasavska";"35-44 let";"Ženske";1620
"1344";2018;"Zasavska";"45-54 let";"Moški";1777
"1345";2018;"Zasavska";"45-54 let";"Ženske";1622
"1346";2018;"Zasavska";"55-64 let";"Moški";1834
"1347";2018;"Zasavska";"55-64 let";"Ženske";1751
"1348";2018;"Posavska";"15-24 let";"Moški";1249
"1349";2018;"Posavska";"15-24 let";"Ženske";1157
"1350";2018;"Posavska";"25-34 let";"Moški";1621
"1351";2018;"Posavska";"25-34 let";"Ženske";1395
"1352";2018;"Posavska";"35-44 let";"Moški";1779
"1353";2018;"Posavska";"35-44 let";"Ženske";1595
"1354";2018;"Posavska";"45-54 let";"Moški";1816
"1355";2018;"Posavska";"45-54 let";"Ženske";1643
"1356";2018;"Posavska";"55-64 let";"Moški";1948
"1357";2018;"Posavska";"55-64 let";"Ženske";1763
"1358";2018;"Posavska";"65 let ali veè";"Moški";3742
"1359";2018;"Posavska";"65 let ali veè";"Ženske";3932
"1360";2018;"Jugovzhodna Slovenija";"15-24 let";"Moški";1250
"1361";2018;"Jugovzhodna Slovenija";"15-24 let";"Ženske";1179
"1362";2018;"Jugovzhodna Slovenija";"25-34 let";"Moški";1576
"1363";2018;"Jugovzhodna Slovenija";"25-34 let";"Ženske";1450
"1364";2018;"Jugovzhodna Slovenija";"35-44 let";"Moški";1847
"1365";2018;"Jugovzhodna Slovenija";"35-44 let";"Ženske";1713
"1366";2018;"Jugovzhodna Slovenija";"45-54 let";"Moški";1880
"1367";2018;"Jugovzhodna Slovenija";"45-54 let";"Ženske";1756
"1368";2018;"Jugovzhodna Slovenija";"55-64 let";"Moški";1967
"1369";2018;"Jugovzhodna Slovenija";"55-64 let";"Ženske";1929
"1370";2018;"Jugovzhodna Slovenija";"65 let ali veè";"Moški";2683
"1371";2018;"Jugovzhodna Slovenija";"65 let ali veè";"Ženske";2597
"1372";2018;"Osrednjeslovenska";"15-24 let";"Moški";1219
"1373";2018;"Osrednjeslovenska";"15-24 let";"Ženske";1117
"1374";2018;"Osrednjeslovenska";"25-34 let";"Moški";1632
"1375";2018;"Osrednjeslovenska";"25-34 let";"Ženske";1519
"1376";2018;"Osrednjeslovenska";"35-44 let";"Moški";2058
"1377";2018;"Osrednjeslovenska";"35-44 let";"Ženske";1925
"1378";2018;"Osrednjeslovenska";"45-54 let";"Moški";2176
"1379";2018;"Osrednjeslovenska";"45-54 let";"Ženske";2041
"1380";2018;"Osrednjeslovenska";"55-64 let";"Moški";2176
"1381";2018;"Osrednjeslovenska";"55-64 let";"Ženske";2126
"1382";2018;"Osrednjeslovenska";"65 let ali veè";"Moški";3157
"1383";2018;"Osrednjeslovenska";"65 let ali veè";"Ženske";3307
"1384";2018;"Gorenjska";"15-24 let";"Moški";1265
"1385";2018;"Gorenjska";"15-24 let";"Ženske";1112
"1386";2018;"Gorenjska";"25-34 let";"Moški";1592
"1387";2018;"Gorenjska";"25-34 let";"Ženske";1418
"1388";2018;"Gorenjska";"35-44 let";"Moški";1948
"1389";2018;"Gorenjska";"35-44 let";"Ženske";1707
"1390";2018;"Gorenjska";"45-54 let";"Moški";2060
"1391";2018;"Gorenjska";"45-54 let";"Ženske";1755
"1392";2018;"Gorenjska";"55-64 let";"Moški";1994
"1393";2018;"Gorenjska";"55-64 let";"Ženske";1871
"1394";2018;"Gorenjska";"65 let ali veè";"Moški";2983
"1395";2018;"Gorenjska";"65 let ali veè";"Ženske";2763
"1396";2018;"Primorsko-notranjska";"25-34 let";"Moški";1505
"1397";2018;"Primorsko-notranjska";"25-34 let";"Ženske";1362
"1398";2018;"Primorsko-notranjska";"35-44 let";"Moški";1780
"1399";2018;"Primorsko-notranjska";"35-44 let";"Ženske";1619
"1400";2018;"Primorsko-notranjska";"45-54 let";"Moški";1824
"1401";2018;"Primorsko-notranjska";"45-54 let";"Ženske";1603
"1402";2018;"Primorsko-notranjska";"55-64 let";"Moški";1815
"1403";2018;"Primorsko-notranjska";"55-64 let";"Ženske";1797
"1404";2018;"Goriška";"15-24 let";"Moški";1173
"1405";2018;"Goriška";"15-24 let";"Ženske";1106
"1406";2018;"Goriška";"25-34 let";"Moški";1476
"1407";2018;"Goriška";"25-34 let";"Ženske";1357
"1408";2018;"Goriška";"35-44 let";"Moški";1776
"1409";2018;"Goriška";"35-44 let";"Ženske";1588
"1410";2018;"Goriška";"45-54 let";"Moški";1864
"1411";2018;"Goriška";"45-54 let";"Ženske";1664
"1412";2018;"Goriška";"55-64 let";"Moški";1965
"1413";2018;"Goriška";"55-64 let";"Ženske";1827
"1414";2018;"Goriška";"65 let ali veè";"Moški";3083
"1415";2018;"Goriška";"65 let ali veè";"Ženske";3377
"1416";2018;"Obalno-kraška";"15-24 let";"Moški";1208
"1417";2018;"Obalno-kraška";"15-24 let";"Ženske";1069
"1418";2018;"Obalno-kraška";"25-34 let";"Moški";1509
"1419";2018;"Obalno-kraška";"25-34 let";"Ženske";1349
"1420";2018;"Obalno-kraška";"35-44 let";"Moški";1850
"1421";2018;"Obalno-kraška";"35-44 let";"Ženske";1653
"1422";2018;"Obalno-kraška";"45-54 let";"Moški";2037
"1423";2018;"Obalno-kraška";"45-54 let";"Ženske";1803
"1424";2018;"Obalno-kraška";"55-64 let";"Moški";2010
"1425";2018;"Obalno-kraška";"55-64 let";"Ženske";1880
"1426";2018;"Obalno-kraška";"65 let ali veè";"Moški";2800
"1427";2018;"Obalno-kraška";"65 let ali veè";"Ženske";3183
